{
    "accuracy": 0.9357142857142857,
    "loss": 2.7171524276956918,
    "epoch": 32.0
}