{
    "accuracy": 0.8958333333333334,
    "loss": 1.256646717316471
}