{
    "accuracy": 0.8759615384615385,
    "loss": 1.6968844830989838
}