{
    "accuracy": 0.8858333333333335,
    "loss": 0.7004406929016114,
    "epoch": 9.0
}