{
    "accuracy": 0.9214285714285714,
    "loss": 0.7053440839052201,
    "epoch": 14.0
}