{
    "accuracy": 0.9116666666666667,
    "loss": 1.6752448558807373,
    "epoch": 71.0
}