{
    "accuracy": 0.8696428571428572,
    "loss": 3.4221070562954994
}