{
    "accuracy": 0.8982142857142857,
    "loss": 1.6397565176710487
}