{
    "accuracy": 0.9116666666666667,
    "loss": 1.1981642484664916,
    "epoch": 43.0
}