{
    "accuracy": 0.9339285714285713,
    "loss": 0.6609522014856338,
    "epoch": 6.0
}