{
    "accuracy": 0.9357142857142857,
    "loss": 0.29731326596811414,
    "epoch": 14.0
}