{
    "accuracy": 0.8982142857142857,
    "loss": 1.3214258369058371
}