{
    "accuracy": 0.8033653846153846,
    "loss": 0.47649265080690384,
    "epoch": 9.0
}