{
    "accuracy": 0.8491666666666667,
    "loss": 2.1825416803359987
}