{
    "accuracy": 0.7754807692307693,
    "loss": 0.7662100123241544
}