{
    "accuracy": 0.8616666666666667,
    "loss": 1.8652584910392762
}