{
    "accuracy": 0.8942307692307692,
    "loss": 2.6680974543094633,
    "epoch": 47.0
}