{
    "accuracy": 0.8913461538461538,
    "loss": 2.7247239470481874
}