{
    "accuracy": 0.9038461538461539,
    "loss": 0.829879641532898,
    "epoch": 48.0
}