{
    "accuracy": 0.8985576923076923,
    "loss": 1.6969655394554137,
    "epoch": 40.0
}