{
    "accuracy": 0.8839285714285714,
    "loss": 5.019119536876678
}