{
    "accuracy": 0.8839285714285714,
    "loss": 1.8718968868255614
}