{
    "accuracy": 0.8346153846153846,
    "loss": 2.954000997543335
}