{
    "accuracy": 0.9339285714285713,
    "loss": 0.6937552645802498,
    "epoch": 17.0
}