{
    "accuracy": 0.8884615384615385,
    "loss": 1.382011091709137
}