{
    "accuracy": 0.8616666666666667,
    "loss": 2.2789072751998902
}