{
    "accuracy": 0.8866666666666667,
    "loss": 1.1798269689083098,
    "epoch": 54.0
}