{
    "accuracy": 0.9232142857142858,
    "loss": 0.6784467712044716,
    "epoch": 16.0
}