{
    "accuracy": 0.8741666666666668,
    "loss": 1.476323139667511
}