{
    "accuracy": 0.8714285714285713,
    "loss": 1.1139886087737978
}