{
    "accuracy": 0.8964285714285714,
    "loss": 0.7871892735362053
}