{
    "accuracy": 0.8696428571428572,
    "loss": 3.535919649526477
}