{
    "accuracy": 0.8985576923076923,
    "loss": 1.0401803582906723
}