{
    "accuracy": 0.8571428571428571,
    "loss": 1.93155037201941
}