{
    "accuracy": 0.8616666666666667,
    "loss": 0.6227389097213745
}