{
    "accuracy": 0.8821428571428571,
    "loss": 5.234621357917786
}