{
    "accuracy": 0.8433333333333334,
    "loss": 2.801334384828806,
    "epoch": 33.0
}