{
    "accuracy": 0.9232142857142858,
    "loss": 0.6695005968213081,
    "epoch": 12.0
}