{
    "accuracy": 0.9166666666666666,
    "loss": 0.6611249486450106,
    "epoch": 18.0
}