{
    "accuracy": 0.9232142857142858,
    "loss": 0.6426756620407105,
    "epoch": 2.0
}