{
    "accuracy": 0.9339285714285713,
    "loss": 0.6096801996231079,
    "epoch": 4.0
}