{
    "accuracy": 0.8800000000000001,
    "loss": 0.7922747224569321,
    "epoch": 6.0
}