{
    "accuracy": 0.8866666666666667,
    "loss": 0.763038969039917,
    "epoch": 10.0
}