{
    "accuracy": 0.8846153846153847,
    "loss": 1.6654269635677337
}