{
    "accuracy": 0.8733333333333334,
    "loss": 0.5918438315391541,
    "epoch": 1.0
}