{
    "accuracy": 0.8596153846153847,
    "loss": 0.9148976877331734
}