{
    "accuracy": 0.86875,
    "loss": 1.0896272972226142
}