{
    "accuracy": 0.8645833333333334,
    "loss": 2.9021791335762828
}