{
    "accuracy": 0.8471153846153847,
    "loss": 1.1973914563655854
}