{
    "accuracy": 0.8616666666666667,
    "loss": 2.004463005065918
}