{
    "accuracy": 0.91875,
    "loss": 0.5148058772087097,
    "epoch": 40.0
}