{
    "accuracy": 0.9357142857142857,
    "loss": 0.2343383315950632,
    "epoch": 21.0
}