{
    "accuracy": 0.9108333333333334,
    "loss": 0.45712820887565614,
    "epoch": 20.0
}