{
    "accuracy": 0.91875,
    "loss": 0.52483119815588,
    "epoch": 10.0
}