{
    "accuracy": 0.8803571428571428,
    "loss": 3.0372234344482423
}