{
    "accuracy": 0.9270833333333334,
    "loss": 0.5243195889440054,
    "epoch": 31.0
}