{
    "accuracy": 0.8358333333333334,
    "loss": 3.839205503463745
}