{
    "accuracy": 0.90625,
    "loss": 0.8559525621046001
}