{
    "accuracy": 0.8839285714285714,
    "loss": 1.2360738082323224
}