{
    "accuracy": 0.9321428571428572,
    "loss": 0.55409736931324,
    "epoch": 9.0
}