{
    "accuracy": 0.9009615384615385,
    "loss": 2.637425798177719,
    "epoch": 37.0
}