{
    "accuracy": 0.9107142857142858,
    "loss": 0.5857001125812531,
    "epoch": 5.0
}