{
    "accuracy": 0.8866666666666667,
    "loss": 1.8206968784332276
}