{
    "accuracy": 0.9166666666666666,
    "loss": 0.37013451266102493,
    "epoch": 2.0
}