{
    "accuracy": 0.8964285714285714,
    "loss": 0.7751994855701924
}