{
    "accuracy": 0.8788461538461538,
    "loss": 2.0448903292417526
}