{
    "accuracy": 0.9232142857142858,
    "loss": 0.3996144711971283,
    "epoch": 12.0
}