{
    "accuracy": 0.8964285714285714,
    "loss": 2.2008595287799837
}