{
    "accuracy": 0.9232142857142858,
    "loss": 0.6195177599787712,
    "epoch": 12.0
}