{
    "accuracy": 0.8741666666666668,
    "loss": 0.8675889730453491
}