{
    "accuracy": 0.8645833333333334,
    "loss": 2.5785078318613586
}