{
    "accuracy": 0.9107142857142858,
    "loss": 0.5427703246474266,
    "epoch": 17.0
}