{
    "accuracy": 0.90625,
    "loss": 0.37657793425023556,
    "epoch": 12.0
}