{
    "accuracy": 0.9270833333333334,
    "loss": 0.3378070230440547,
    "epoch": 5.0
}