{
    "accuracy": 0.95625,
    "loss": 1.2657410194864496,
    "epoch": 48.0
}