{
    "accuracy": 0.9038461538461539,
    "loss": 2.885780583322048,
    "epoch": 48.0
}