{
    "accuracy": 0.8982142857142857,
    "loss": 2.5828685900894923,
    "epoch": 95.0
}