{
    "accuracy": 0.8821428571428571,
    "loss": 0.5271424606442452
}