{
    "accuracy": 0.8616666666666667,
    "loss": 1.776123571395874
}