{
    "accuracy": 0.848076923076923,
    "loss": 1.9021692976355553
}