{
    "accuracy": 0.9357142857142857,
    "loss": 0.6180511400103569,
    "epoch": 14.0
}