{
    "accuracy": 0.8721153846153846,
    "loss": 1.333464551717043
}