{
    "accuracy": 0.9270833333333334,
    "loss": 0.47109418688341975,
    "epoch": 67.0
}