{
    "accuracy": 0.8616666666666667,
    "loss": 1.4444314241409302
}