{
    "accuracy": 0.8741666666666668,
    "loss": 1.514038872718811,
    "epoch": 69.0
}