{
    "accuracy": 0.9089285714285713,
    "loss": 2.430488133430481
}