{
    "accuracy": 0.8982142857142857,
    "loss": 1.9864091962575912
}