{
    "accuracy": 0.8616666666666667,
    "loss": 1.6921950578689575
}