{
    "accuracy": 0.8964285714285714,
    "loss": 2.0216810650192203
}