{
    "accuracy": 0.8884615384615385,
    "loss": 0.759003932774067,
    "epoch": 9.0
}