{
    "accuracy": 0.9232142857142858,
    "loss": 0.9587009832262993,
    "epoch": 15.0
}