{
    "accuracy": 0.8696428571428572,
    "loss": 1.3440711595118047
}