{
    "accuracy": 0.8964285714285714,
    "loss": 2.000936897099018
}