{
    "accuracy": 0.8321428571428571,
    "loss": 0.9766315296292305
}