{
    "accuracy": 0.9166666666666666,
    "loss": 0.3463662761884431,
    "epoch": 4.0
}