{
    "accuracy": 0.91875,
    "loss": 1.2262008726596831,
    "epoch": 83.0
}