{
    "accuracy": 0.9166666666666666,
    "loss": 0.9318393704791864
}