{
    "accuracy": 0.848076923076923,
    "loss": 2.2005619674921038
}