{
    "accuracy": 0.8821428571428571,
    "loss": 5.425811970233918
}