{
    "accuracy": 0.9214285714285714,
    "loss": 0.9968083530664444,
    "epoch": 39.0
}