{
    "accuracy": 0.8854166666666666,
    "loss": 1.2865464395533006
}