{
    "accuracy": 0.9259615384615385,
    "loss": 0.5462788105010986,
    "epoch": 4.0
}