{
    "accuracy": 0.8982142857142857,
    "loss": 0.532434093952179,
    "epoch": 6.0
}