{
    "accuracy": 0.9038461538461539,
    "loss": 2.3882965240627527
}