{
    "accuracy": 0.8741666666666668,
    "loss": 1.4907397031784058
}