{
    "accuracy": 0.90625,
    "loss": 0.7326047540506503
}