{
    "accuracy": 0.9110576923076923,
    "loss": 1.2125984832644463,
    "epoch": 100.0
}