{
    "accuracy": 0.8839285714285714,
    "loss": 1.3108078878372909
}