{
    "accuracy": 0.8839285714285714,
    "loss": 0.8892956256866456,
    "epoch": 46.0
}