{
    "accuracy": 0.8741666666666668,
    "loss": 0.5481239020824432,
    "epoch": 2.0
}