{
    "accuracy": 0.96875,
    "loss": 0.5428727695485577,
    "epoch": 13.0
}