{
    "accuracy": 0.9232142857142858,
    "loss": 0.28891458734869957,
    "epoch": 8.0
}