{
    "accuracy": 0.8839285714285714,
    "loss": 2.6355349967256188
}