{
    "accuracy": 0.9339285714285713,
    "loss": 0.5642557680606842,
    "epoch": 3.0
}