{
    "accuracy": 0.8839285714285714,
    "loss": 1.525758189149201
}