{
    "accuracy": 0.9339285714285713,
    "loss": 0.5571934193372726,
    "epoch": 9.0
}