{
    "accuracy": 0.8854166666666666,
    "loss": 0.8143731554349264
}