{
    "accuracy": 0.8854166666666666,
    "loss": 0.686414424640437
}