{
    "accuracy": 0.8854166666666666,
    "loss": 0.8743571428349242
}