{
    "accuracy": 0.8884615384615385,
    "loss": 1.3885499693453311
}