{
    "accuracy": 0.8483333333333334,
    "loss": 1.7944585800170898
}