{
    "accuracy": 0.8616666666666667,
    "loss": 3.6543203592300415
}