{
    "accuracy": 0.9038461538461539,
    "loss": 0.8361634612083435,
    "epoch": 20.0
}