{
    "accuracy": 0.8535714285714286,
    "loss": 3.3468076944351197
}