{
    "accuracy": 0.9107142857142858,
    "loss": 0.5513804674148559,
    "epoch": 4.0
}