{
    "accuracy": 0.9303571428571429,
    "loss": 0.9826950691640377,
    "epoch": 62.0
}