{
    "accuracy": 0.9038461538461539,
    "loss": 0.9382568538188935,
    "epoch": 47.0
}