{
    "accuracy": 0.8483333333333334,
    "loss": 1.2219437837600708
}