{
    "accuracy": 0.8846153846153847,
    "loss": 1.0552440091967583
}