{
    "accuracy": 0.8735576923076923,
    "loss": 1.7207795172929763
}