{
    "accuracy": 0.8610576923076924,
    "loss": 2.53295174241066
}