{
    "accuracy": 0.8589285714285714,
    "loss": 1.3448236346244813
}