{
    "accuracy": 0.8696428571428572,
    "loss": 0.8116774708265438
}