{
    "accuracy": 0.8358333333333334,
    "loss": 2.3254765033721925
}