{
    "accuracy": 0.9089285714285713,
    "loss": 1.3196430866606534
}