{
    "accuracy": 0.8925000000000001,
    "loss": 1.8669843651354312,
    "epoch": 48.0
}