{
    "accuracy": 0.8866666666666667,
    "loss": 1.1836769819259643,
    "epoch": 15.0
}