{
    "accuracy": 0.8678571428571429,
    "loss": 2.7710730612277983
}