{
    "accuracy": 0.848076923076923,
    "loss": 1.9848444640636445
}