{
    "accuracy": 0.9270833333333334,
    "loss": 0.3105250997468829,
    "epoch": 19.0
}