{
    "accuracy": 0.8866666666666667,
    "loss": 0.5542207151651383,
    "epoch": 16.0
}