{
    "accuracy": 0.8884615384615385,
    "loss": 3.1349731877446176
}