{
    "accuracy": 0.8446428571428571,
    "loss": 4.751541948318481
}