{
    "accuracy": 0.9107142857142858,
    "loss": 2.4588408748968504
}