{
    "accuracy": 0.9241071428571429,
    "loss": 1.2309266414493323,
    "epoch": 63.0
}