{
    "accuracy": 0.9270833333333334,
    "loss": 0.36315035602698725,
    "epoch": 6.0
}