{
    "accuracy": 0.9009615384615385,
    "loss": 0.60772665143013,
    "epoch": 3.0
}