{
    "accuracy": 0.90625,
    "loss": 0.7849947366863489,
    "epoch": 40.0
}