{
    "accuracy": 0.8446428571428571,
    "loss": 2.752130353450775
}