{
    "accuracy": 0.8170833333333333,
    "loss": 5.630146545358002
}