{
    "accuracy": 0.8958333333333334,
    "loss": 0.9643051916888604
}