{
    "accuracy": 0.8839285714285714,
    "loss": 0.586172878742218,
    "epoch": 9.0
}