{
    "accuracy": 0.9270833333333334,
    "loss": 0.37696827420343954,
    "epoch": 36.0
}