{
    "accuracy": 0.8714285714285713,
    "loss": 1.8870400492101909
}