{
    "accuracy": 0.9107142857142858,
    "loss": 1.8670220408588647
}