{
    "accuracy": 0.8913461538461538,
    "loss": 2.0934784732759,
    "epoch": 14.0
}