{
    "accuracy": 0.9163461538461538,
    "loss": 1.0669004574418068,
    "epoch": 8.0
}