{
    "accuracy": 0.9163461538461538,
    "loss": 0.378957462310791,
    "epoch": 11.0
}