{
    "accuracy": 0.9166666666666666,
    "loss": 0.7910844805301167
}