{
    "accuracy": 0.95625,
    "loss": 1.2465738203223737
}