{
    "accuracy": 0.9357142857142857,
    "loss": 0.2806422099471092,
    "epoch": 6.0
}