{
    "accuracy": 0.8634615384615385,
    "loss": 2.619858503341675
}