{
    "accuracy": 0.8428571428571429,
    "loss": 2.244845950603485
}