{
    "accuracy": 0.9038461538461539,
    "loss": 1.5252427659928798,
    "epoch": 10.0
}