{
    "accuracy": 0.9232142857142858,
    "loss": 0.49892084002494813,
    "epoch": 4.0
}