{
    "accuracy": 0.9196428571428571,
    "loss": 1.9708110308274627
}