{
    "accuracy": 0.8821428571428571,
    "loss": 2.491596831381321
}