{
    "accuracy": 0.8839285714285714,
    "loss": 1.256993176182732
}