{
    "accuracy": 0.8839285714285714,
    "loss": 1.0235673957504332
}