{
    "accuracy": 0.8858333333333335,
    "loss": 1.116012692451477,
    "epoch": 16.0
}