{
    "accuracy": 0.90625,
    "loss": 0.993652966649582
}