{
    "accuracy": 0.9166666666666666,
    "loss": 0.39965122907112044,
    "epoch": 7.0
}