{
    "accuracy": 0.8616666666666667,
    "loss": 0.8636382460594177,
    "epoch": 5.0
}