{
    "accuracy": 0.9163461538461538,
    "loss": 1.614744532853365,
    "epoch": 41.0
}