{
    "accuracy": 0.8857142857142858,
    "loss": 2.5249317809939384
}