{
    "accuracy": 0.90625,
    "loss": 0.3011697456240654,
    "epoch": 4.0
}