{
    "accuracy": 0.8884615384615385,
    "loss": 2.3777048349380494
}