{
    "accuracy": 0.9009615384615385,
    "loss": 0.325481604039669,
    "epoch": 4.0
}