{
    "accuracy": 0.8410714285714287,
    "loss": 2.5779195606708525
}