{
    "accuracy": 0.9107142857142858,
    "loss": 0.7076598845422268
}