{
    "accuracy": 0.8854166666666666,
    "loss": 0.9117398957411448,
    "epoch": 19.0
}