{
    "accuracy": 0.8858333333333335,
    "loss": 0.6922800928354264,
    "epoch": 9.0
}