{
    "accuracy": 0.8721153846153846,
    "loss": 1.1515077263116837
}