{
    "accuracy": 0.9270833333333334,
    "loss": 0.31980073762436706,
    "epoch": 5.0
}