{
    "accuracy": 0.9053571428571429,
    "loss": 1.4713036663015373
}