{
    "accuracy": 0.9107142857142858,
    "loss": 1.4805680254939944
}