{
    "accuracy": 0.8491666666666667,
    "loss": 1.7227214574813843
}