{
    "accuracy": 0.9038461538461539,
    "loss": 1.2871731102466584,
    "epoch": 38.0
}