{
    "accuracy": 0.8958333333333334,
    "loss": 1.0595907447859645
}