{
    "accuracy": 0.8491666666666667,
    "loss": 2.1439399242401125
}