{
    "accuracy": 0.8696428571428572,
    "loss": 2.8690889291465282
}