{
    "accuracy": 0.8616666666666667,
    "loss": 1.6667151212692262
}