{
    "accuracy": 0.9038461538461539,
    "loss": 1.0507047399878502,
    "epoch": 14.0
}