{
    "accuracy": 0.8634615384615385,
    "loss": 0.9190370053052902
}