{
    "accuracy": 0.9166666666666666,
    "loss": 0.9260236570068324,
    "epoch": 18.0
}