{
    "accuracy": 0.9270833333333334,
    "loss": 0.35804460508128005,
    "epoch": 18.0
}