{
    "accuracy": 0.8991666666666667,
    "loss": 0.7034842133522033,
    "epoch": 43.0
}