{
    "accuracy": 0.8741666666666668,
    "loss": 3.165797734260559,
    "epoch": 48.0
}