{
    "accuracy": 0.8303571428571429,
    "loss": 3.5090644732117653
}