{
    "accuracy": 0.8741666666666668,
    "loss": 1.3800382658839225
}