{
    "accuracy": 0.8491666666666667,
    "loss": 2.422235345840454
}