{
    "accuracy": 0.8634615384615385,
    "loss": 3.6126742005348205
}