{
    "accuracy": 0.89375,
    "loss": 1.3799137495458127,
    "epoch": 52.0
}