{
    "accuracy": 0.9214285714285714,
    "loss": 0.4852532774209976,
    "epoch": 4.0
}