{
    "accuracy": 0.8839285714285714,
    "loss": 2.208343881368637
}