{
    "accuracy": 0.8913461538461538,
    "loss": 2.0467652678489685
}