{
    "accuracy": 0.8866666666666667,
    "loss": 0.8193191409111023,
    "epoch": 10.0
}