{
    "accuracy": 0.8759615384615385,
    "loss": 1.2905200704932214
}