{
    "accuracy": 0.8854166666666666,
    "loss": 0.4530666625748078,
    "epoch": 7.0
}