{
    "accuracy": 0.8509615384615385,
    "loss": 0.8032827451825142
}