{
    "accuracy": 0.8645833333333334,
    "loss": 2.0659122224336293
}