{
    "accuracy": 0.8645833333333334,
    "loss": 0.5126551998158296
}