{
    "accuracy": 0.8982142857142857,
    "loss": 0.5995889544487,
    "epoch": 31.0
}