{
    "accuracy": 0.8759615384615385,
    "loss": 3.319455140829086
}