{
    "accuracy": 0.9270833333333334,
    "loss": 0.40723048119495314,
    "epoch": 2.0
}