{
    "accuracy": 0.8854166666666666,
    "loss": 1.1859554677891235
}