{
    "accuracy": 0.8958333333333334,
    "loss": 1.002588823554106
}