{
    "accuracy": 0.8821428571428571,
    "loss": 0.8283741882070899
}