{
    "accuracy": 0.8733333333333334,
    "loss": 2.565922175347805
}