{
    "accuracy": 0.8982142857142857,
    "loss": 1.5534151263535023
}