{
    "accuracy": 0.9038461538461539,
    "loss": 0.6998102962970734,
    "epoch": 3.0
}