{
    "accuracy": 0.95625,
    "loss": 1.3096215998579281,
    "epoch": 100.0
}