{
    "accuracy": 0.8821428571428571,
    "loss": 1.8954483270645142
}