{
    "accuracy": 0.9166666666666666,
    "loss": 0.41176871458689374,
    "epoch": 7.0
}