{
    "accuracy": 0.9464285714285714,
    "loss": 0.537822836637497,
    "epoch": 7.0
}