{
    "accuracy": 0.9038461538461539,
    "loss": 2.138689800351858
}