{
    "accuracy": 0.8958333333333334,
    "loss": 0.8548873270240923
}