{
    "accuracy": 0.8982142857142857,
    "loss": 2.1162473911419513
}