{
    "accuracy": 0.9116666666666667,
    "loss": 1.101129424571991,
    "epoch": 60.0
}