{
    "accuracy": 0.8741666666666668,
    "loss": 0.5635376304388047,
    "epoch": 18.0
}