{
    "accuracy": 0.9038461538461539,
    "loss": 0.6985783189535141,
    "epoch": 1.0
}