{
    "accuracy": 0.9107142857142858,
    "loss": 0.5191523715853691,
    "epoch": 17.0
}