{
    "accuracy": 0.8982142857142857,
    "loss": 1.2000340908765792
}