{
    "accuracy": 0.8839285714285714,
    "loss": 0.8282552391290665
}