{
    "accuracy": 0.91875,
    "loss": 1.2964027338661253,
    "epoch": 66.0
}