{
    "accuracy": 0.8741666666666668,
    "loss": 0.43914908468723296,
    "epoch": 16.0
}