{
    "accuracy": 0.8870833333333333,
    "loss": 1.1361405283212662
}