{
    "accuracy": 0.8846153846153847,
    "loss": 1.2609008863568305
}