{
    "accuracy": 0.8858333333333335,
    "loss": 1.0230967551469803,
    "epoch": 29.0
}