{
    "accuracy": 0.8607142857142858,
    "loss": 3.9145878568291663
}