{
    "accuracy": 0.9107142857142858,
    "loss": 1.7956254335585982
}