{
    "accuracy": 0.8854166666666666,
    "loss": 2.2838617928597764
}