{
    "accuracy": 0.8866666666666667,
    "loss": 1.2716765880584717,
    "epoch": 50.0
}