{
    "accuracy": 0.91875,
    "loss": 0.4836592450737953,
    "epoch": 4.0
}