{
    "accuracy": 0.9089285714285713,
    "loss": 0.6382151126861573,
    "epoch": 7.0
}