{
    "accuracy": 0.9107142857142858,
    "loss": 1.5381998462602495
}