{
    "accuracy": 0.9339285714285713,
    "loss": 0.862646821141243,
    "epoch": 15.0
}