{
    "accuracy": 0.9107142857142858,
    "loss": 0.7767996035516262
}