{
    "accuracy": 0.9270833333333334,
    "loss": 0.6951602517316738,
    "epoch": 25.0
}