{
    "accuracy": 0.8839285714285714,
    "loss": 1.8550243377685547
}