{
    "accuracy": 0.9038461538461539,
    "loss": 1.2991643309593202,
    "epoch": 33.0
}