{
    "accuracy": 0.8714285714285713,
    "loss": 2.0093538045883177
}