{
    "accuracy": 0.8759615384615385,
    "loss": 1.6977037265896797
}