{
    "accuracy": 0.9214285714285714,
    "loss": 1.5975757375359536,
    "epoch": 23.0
}