{
    "accuracy": 0.8608333333333335,
    "loss": 1.7818384170532227
}