{
    "accuracy": 0.9357142857142857,
    "loss": 0.8560094729065895,
    "epoch": 36.0
}