{
    "accuracy": 0.9232142857142858,
    "loss": 0.6882920928299427,
    "epoch": 11.0
}