{
    "accuracy": 0.8884615384615385,
    "loss": 2.2608192823827267,
    "epoch": 29.0
}