{
    "accuracy": 0.8866666666666667,
    "loss": 0.44567967057228086,
    "epoch": 17.0
}