{
    "accuracy": 0.9214285714285714,
    "loss": 0.8684660613536834,
    "epoch": 13.0
}