{
    "accuracy": 0.8846153846153847,
    "loss": 1.9660480976104737
}