{
    "accuracy": 0.8366666666666667,
    "loss": 2.276222801208496
}