{
    "accuracy": 0.84375,
    "loss": 2.97540183365345
}