{
    "accuracy": 0.8964285714285714,
    "loss": 1.4066265381872654
}