{
    "accuracy": 0.9232142857142858,
    "loss": 0.2880997434258461,
    "epoch": 11.0
}