{
    "accuracy": 0.8913461538461538,
    "loss": 0.4468083307147026,
    "epoch": 19.0
}