{
    "accuracy": 0.9166666666666666,
    "loss": 0.3341585202142596,
    "epoch": 3.0
}