{
    "accuracy": 0.8854166666666666,
    "loss": 0.4304756248990695,
    "epoch": 3.0
}