{
    "accuracy": 0.9232142857142858,
    "loss": 0.4488318368792534,
    "epoch": 3.0
}