{
    "accuracy": 0.90625,
    "loss": 0.4489464055319938
}