{
    "accuracy": 0.8358333333333334,
    "loss": 1.8157922625541687
}