{
    "accuracy": 0.9038461538461539,
    "loss": 1.6304579332470894
}