{
    "accuracy": 0.8788461538461538,
    "loss": 1.603449136018753
}