{
    "accuracy": 0.9270833333333334,
    "loss": 0.39681350012930733,
    "epoch": 17.0
}