{
    "accuracy": 0.8928571428571429,
    "loss": 0.6368683116510511
}