{
    "accuracy": 0.8862500000000001,
    "loss": 0.7908318340778351,
    "epoch": 6.0
}