{
    "accuracy": 0.8866666666666667,
    "loss": 1.1197716891765594,
    "epoch": 22.0
}