{
    "accuracy": 0.9166666666666666,
    "loss": 0.704794064105954,
    "epoch": 15.0
}