{
    "accuracy": 0.9339285714285713,
    "loss": 0.21868613064289094,
    "epoch": 18.0
}