{
    "accuracy": 0.8541666666666666,
    "loss": 3.301338739382724
}