{
    "accuracy": 0.8589285714285714,
    "loss": 2.8062205791473387
}