{
    "accuracy": 0.9214285714285714,
    "loss": 0.9887231796979904
}