{
    "accuracy": 0.9009615384615385,
    "loss": 0.7022697031497955,
    "epoch": 6.0
}