{
    "accuracy": 0.9178571428571429,
    "loss": 1.2128526762127876
}