{
    "accuracy": 0.8991666666666667,
    "loss": 0.6855493366718293,
    "epoch": 33.0
}