{
    "accuracy": 0.9038461538461539,
    "loss": 1.2357852637767792,
    "epoch": 14.0
}