{
    "accuracy": 0.8982142857142857,
    "loss": 2.233952594920993
}