{
    "accuracy": 0.8964285714285714,
    "loss": 2.299105727672577
}