{
    "accuracy": 0.9038461538461539,
    "loss": 1.155650655925274
}