{
    "accuracy": 0.8696428571428572,
    "loss": 2.9777355015277864
}