{
    "accuracy": 0.8759615384615385,
    "loss": 1.0132504224777221
}