{
    "accuracy": 0.9270833333333334,
    "loss": 0.35816103957283,
    "epoch": 5.0
}