{
    "accuracy": 0.8759615384615385,
    "loss": 2.4638982504606246
}