{
    "accuracy": 0.8721153846153846,
    "loss": 1.2889692820608616
}