{
    "accuracy": 0.9163461538461538,
    "loss": 1.2833041369915008,
    "epoch": 8.0
}