{
    "accuracy": 0.96875,
    "loss": 0.8591117712669074,
    "epoch": 65.0
}