{
    "accuracy": 0.9067307692307691,
    "loss": 0.7471149504184723,
    "epoch": 51.0
}