{
    "accuracy": 0.8788461538461538,
    "loss": 2.1608576714992522
}