{
    "accuracy": 0.9107142857142858,
    "loss": 0.3086996339261532,
    "epoch": 8.0
}