{
    "accuracy": 0.90625,
    "loss": 0.8408602281318357
}