{
    "accuracy": 0.9038461538461539,
    "loss": 1.794844126701355,
    "epoch": 44.0
}