{
    "accuracy": 0.8821428571428571,
    "loss": 1.5091743350028992
}