{
    "accuracy": 0.9166666666666666,
    "loss": 0.7299317891593091,
    "epoch": 25.0
}