{
    "accuracy": 0.8858333333333335,
    "loss": 0.43742271661758425,
    "epoch": 16.0
}