{
    "accuracy": 0.9107142857142858,
    "loss": 1.2258987855166197
}