{
    "accuracy": 0.9270833333333334,
    "loss": 0.5497175876395582
}