{
    "accuracy": 0.9116666666666667,
    "loss": 0.2925482451915741,
    "epoch": 7.0
}