{
    "accuracy": 0.8839285714285714,
    "loss": 0.8065952360630035,
    "epoch": 11.0
}