{
    "accuracy": 0.9108333333333334,
    "loss": 0.30819532126188276,
    "epoch": 17.0
}