{
    "accuracy": 0.8870833333333333,
    "loss": 0.6607028506696224,
    "epoch": 49.0
}