{
    "accuracy": 0.8866666666666667,
    "loss": 1.2951159656047821,
    "epoch": 6.0
}