{
    "accuracy": 0.90625,
    "loss": 0.71435909116398
}