{
    "accuracy": 0.9089285714285713,
    "loss": 1.1052625201642514
}