{
    "accuracy": 0.8958333333333334,
    "loss": 0.7245692264599105
}