{
    "accuracy": 0.9192307692307692,
    "loss": 0.5070216596126557,
    "epoch": 21.0
}