{
    "accuracy": 0.84375,
    "loss": 2.560007816925645
}