{
    "accuracy": 0.8446428571428571,
    "loss": 0.39866593554615976
}