{
    "accuracy": 0.8358333333333334,
    "loss": 1.0672880917787553
}