{
    "accuracy": 0.8759615384615385,
    "loss": 1.743195965886116
}