{
    "accuracy": 0.9134615384615385,
    "loss": 0.6624033391475678,
    "epoch": 4.0
}