{
    "accuracy": 0.8741071428571429,
    "loss": 1.7795199766755103
}