{
    "accuracy": 0.8884615384615385,
    "loss": 1.3037494912743568
}