{
    "accuracy": 0.8303571428571429,
    "loss": 0.752674350142479
}