{
    "accuracy": 0.8982142857142857,
    "loss": 1.1576677979901433
}