{
    "accuracy": 0.8370833333333334,
    "loss": 1.974896416068077
}