{
    "accuracy": 0.9108333333333334,
    "loss": 0.7347040742635726,
    "epoch": 44.0
}