{
    "accuracy": 0.9089285714285713,
    "loss": 0.7669186770915986,
    "epoch": 3.0
}