{
    "accuracy": 0.9288461538461539,
    "loss": 0.35616719871759417,
    "epoch": 9.0
}