{
    "accuracy": 0.8178571428571428,
    "loss": 1.0233343482017516
}