{
    "accuracy": 0.8817307692307692,
    "loss": 0.6121342569589615
}