{
    "accuracy": 0.8866666666666667,
    "loss": 0.6389234215021133
}