{
    "accuracy": 0.9163461538461538,
    "loss": 0.7246785372495651,
    "epoch": 9.0
}