{
    "accuracy": 0.9357142857142857,
    "loss": 0.6216179441660643,
    "epoch": 48.0
}