{
    "accuracy": 0.8487500000000001,
    "loss": 2.4086069226264955,
    "epoch": 99.0
}