{
    "accuracy": 0.9192307692307692,
    "loss": 0.7644230723381042,
    "epoch": 14.0
}