{
    "accuracy": 0.8884615384615385,
    "loss": 1.7522338196635245
}