{
    "accuracy": 0.8110576923076923,
    "loss": 2.0670615315437315
}