{
    "accuracy": 0.9479166666666666,
    "loss": 0.49221022945130244,
    "epoch": 93.0
}