{
    "accuracy": 0.9067307692307691,
    "loss": 2.2133671402931214
}