{
    "accuracy": 0.8982142857142857,
    "loss": 1.9988650085520931
}