{
    "accuracy": 0.8321428571428571,
    "loss": 2.6561702370643614
}