{
    "accuracy": 0.9108333333333334,
    "loss": 0.6437728554010391,
    "epoch": 4.0
}