{
    "accuracy": 0.8991666666666667,
    "loss": 0.7685747176408768,
    "epoch": 15.0
}