{
    "accuracy": 0.873076923076923,
    "loss": 1.1136775899678468
}