{
    "accuracy": 0.8857142857142858,
    "loss": 1.7100435886532068
}