{
    "accuracy": 0.9107142857142858,
    "loss": 1.455475498456508
}