{
    "accuracy": 0.885576923076923,
    "loss": 1.1383348301053047
}