{
    "accuracy": 0.90625,
    "loss": 0.6739351101374874
}