{
    "accuracy": 0.8612500000000001,
    "loss": 1.2867154482752086,
    "epoch": 21.0
}