{
    "accuracy": 0.8821428571428571,
    "loss": 0.8480598032474518,
    "epoch": 9.0
}