{
    "accuracy": 0.8857142857142858,
    "loss": 1.7999697029590607,
    "epoch": 25.0
}