{
    "accuracy": 0.8839285714285714,
    "loss": 1.737601399421692
}