{
    "accuracy": 0.8839285714285714,
    "loss": 0.8029655277729034
}