{
    "accuracy": 0.8798076923076923,
    "loss": 0.8726571217179299,
    "epoch": 19.0
}