{
    "accuracy": 0.8933333333333333,
    "loss": 0.6744754374027252,
    "epoch": 22.0
}