{
    "accuracy": 0.9166666666666666,
    "loss": 0.554301808085332
}