{
    "accuracy": 0.8788461538461538,
    "loss": 1.91524076461792
}