{
    "accuracy": 0.9071428571428571,
    "loss": 1.0593147560954095,
    "epoch": 11.0
}