{
    "accuracy": 0.8733333333333334,
    "loss": 0.8872825562953949
}