{
    "accuracy": 0.9108333333333334,
    "loss": 0.30051094144582746,
    "epoch": 8.0
}