{
    "accuracy": 0.9038461538461539,
    "loss": 1.1212223917245865,
    "epoch": 20.0
}