{
    "accuracy": 0.9089285714285713,
    "loss": 0.5074378773570061,
    "epoch": 7.0
}