{
    "accuracy": 0.8366666666666667,
    "loss": 3.28423109788564,
    "epoch": 69.0
}