{
    "accuracy": 0.90625,
    "loss": 0.8490686625242233,
    "epoch": 2.0
}