{
    "accuracy": 0.9270833333333334,
    "loss": 0.35461058964331943,
    "epoch": 2.0
}