{
    "accuracy": 0.9108333333333334,
    "loss": 0.8327332437038422,
    "epoch": 14.0
}