{
    "accuracy": 0.8958333333333334,
    "loss": 0.9241630535983253
}