{
    "accuracy": 0.9166666666666666,
    "loss": 1.0909938115461653,
    "epoch": 100.0
}