{
    "accuracy": 0.8612500000000001,
    "loss": 1.010509303212166,
    "epoch": 5.0
}