{
    "accuracy": 0.8509615384615385,
    "loss": 1.5675878703594208
}