{
    "accuracy": 0.8571428571428571,
    "loss": 2.030819634825457
}