{
    "accuracy": 0.8866666666666667,
    "loss": 1.2992442816495895
}