{
    "accuracy": 0.86875,
    "loss": 1.6900924399495125
}