{
    "accuracy": 0.8991666666666667,
    "loss": 0.9054466485977173,
    "epoch": 37.0
}