{
    "accuracy": 0.9366666666666668,
    "loss": 0.2511370794847608
}