{
    "accuracy": 0.9479166666666666,
    "loss": 0.3854184312125047,
    "epoch": 8.0
}