{
    "accuracy": 0.8358333333333334,
    "loss": 1.9152172565460206
}