{
    "accuracy": 0.8553571428571429,
    "loss": 1.8424974918365478
}