{
    "accuracy": 0.9107142857142858,
    "loss": 0.6462861697655171
}