{
    "accuracy": 0.8982142857142857,
    "loss": 1.6549703413620591
}