{
    "accuracy": 0.8553571428571429,
    "loss": 1.7632499396800996
}