{
    "accuracy": 0.8483333333333334,
    "loss": 1.4221545379608869
}