{
    "accuracy": 0.9270833333333334,
    "loss": 0.5268742306604205
}