{
    "accuracy": 0.8589285714285714,
    "loss": 1.2696772634983062
}