{
    "accuracy": 0.9270833333333334,
    "loss": 0.48080812524616096
}