{
    "accuracy": 0.9089285714285713,
    "loss": 0.5027319014072418,
    "epoch": 4.0
}