{
    "accuracy": 0.9357142857142857,
    "loss": 0.624132789298892
}