{
    "accuracy": 0.8714285714285713,
    "loss": 1.6923902750015258
}