{
    "accuracy": 0.8175000000000001,
    "loss": 2.0234991937875746
}