{
    "accuracy": 0.9166666666666666,
    "loss": 0.7182390224285579,
    "epoch": 36.0
}