{
    "accuracy": 0.9038461538461539,
    "loss": 1.0019860222935677,
    "epoch": 7.0
}