{
    "accuracy": 0.8817307692307692,
    "loss": 2.193829094618559
}