{
    "accuracy": 0.9270833333333334,
    "loss": 0.4020057847568144,
    "epoch": 6.0
}