{
    "accuracy": 0.7928571428571429,
    "loss": 2.4489656031131743
}