{
    "accuracy": 0.8483333333333334,
    "loss": 1.0964034363627433
}