{
    "accuracy": 0.8483333333333333,
    "loss": 1.688026210665703
}