{
    "accuracy": 0.9321428571428572,
    "loss": 0.4359181225299835,
    "epoch": 5.0
}