{
    "accuracy": 0.9166666666666666,
    "loss": 0.3071179936329524,
    "epoch": 6.0
}