{
    "accuracy": 0.9270833333333334,
    "loss": 0.3312439611181617,
    "epoch": 6.0
}