{
    "accuracy": 0.90625,
    "loss": 0.4955633682839107
}