{
    "accuracy": 0.95625,
    "loss": 0.8260404187254607,
    "epoch": 47.0
}