{
    "accuracy": 0.8608333333333335,
    "loss": 1.7162823004182428
}