{
    "accuracy": 0.8884615384615385,
    "loss": 1.2793174803256988
}