{
    "accuracy": 0.8482142857142858,
    "loss": 1.825899788737297
}