{
    "accuracy": 0.8964285714285714,
    "loss": 1.0313514158129693
}