{
    "accuracy": 0.8610576923076924,
    "loss": 0.9011356517672539,
    "epoch": 10.0
}