{
    "accuracy": 0.9270833333333334,
    "loss": 0.4857110983937976,
    "epoch": 28.0
}