{
    "accuracy": 0.8884615384615385,
    "loss": 1.4647360660135746
}