{
    "accuracy": 0.9166666666666666,
    "loss": 1.3299135317030657,
    "epoch": 79.0
}