{
    "accuracy": 0.8982142857142857,
    "loss": 1.4607541602104903,
    "epoch": 29.0
}