{
    "accuracy": 0.90625,
    "loss": 1.186196793243289,
    "epoch": 36.0
}