{
    "accuracy": 0.9089285714285713,
    "loss": 0.8459375500679016,
    "epoch": 19.0
}