{
    "accuracy": 0.9107142857142858,
    "loss": 0.898953703319421
}