{
    "accuracy": 0.9107142857142858,
    "loss": 1.1478679358959198,
    "epoch": 49.0
}