{
    "accuracy": 0.8857142857142858,
    "loss": 1.6715564519166946
}