{
    "accuracy": 0.8733333333333334,
    "loss": 1.094420000910759
}