{
    "accuracy": 0.79875,
    "loss": 2.3615739044733344
}