{
    "accuracy": 0.8991666666666667,
    "loss": 1.7165888786315917,
    "epoch": 16.0
}