{
    "accuracy": 0.9214285714285714,
    "loss": 0.25097962021827697,
    "epoch": 9.0
}