{
    "accuracy": 0.8491666666666667,
    "loss": 1.2390179276466369
}