{
    "accuracy": 0.8571428571428571,
    "loss": 1.7435590733774007
}