{
    "accuracy": 0.8178571428571428,
    "loss": 1.7461684942245483
}