{
    "accuracy": 0.8483333333333334,
    "loss": 1.077227109670639
}