{
    "accuracy": 0.9270833333333334,
    "loss": 0.33750234959491837,
    "epoch": 11.0
}