{
    "accuracy": 0.8857142857142858,
    "loss": 1.800680406950414
}