{
    "accuracy": 0.9089285714285713,
    "loss": 0.6377308428287506,
    "epoch": 4.0
}