{
    "accuracy": 0.8857142857142858,
    "loss": 0.6907485574483871
}