{
    "accuracy": 0.8733333333333334,
    "loss": 0.9360340151935815,
    "epoch": 13.0
}