{
    "accuracy": 0.9233333333333335,
    "loss": 0.3937793470919132,
    "epoch": 11.0
}