{
    "accuracy": 0.8983333333333334,
    "loss": 1.4668161571025848
}