{
    "accuracy": 0.8858333333333335,
    "loss": 0.7829674040898681
}