{
    "accuracy": 0.84375,
    "loss": 2.055655191838741
}