{
    "accuracy": 0.8741666666666668,
    "loss": 1.373546051979065,
    "epoch": 64.0
}