{
    "accuracy": 0.9107142857142858,
    "loss": 0.5949777282774449,
    "epoch": 67.0
}