{
    "accuracy": 0.9089285714285713,
    "loss": 0.7937600970268249,
    "epoch": 7.0
}