{
    "accuracy": 0.8548076923076924,
    "loss": 2.200524423457682
}