{
    "accuracy": 0.8946428571428571,
    "loss": 1.684767298400402
}