{
    "accuracy": 0.8788461538461538,
    "loss": 1.8153682097792625
}