{
    "accuracy": 0.860576923076923,
    "loss": 1.5910091400146484
}