{
    "accuracy": 0.7254807692307692,
    "loss": 1.0300847508013249
}