{
    "accuracy": 0.7581730769230769,
    "loss": 0.7234241679310799,
    "epoch": 33.0
}