{
    "accuracy": 0.8858333333333335,
    "loss": 1.7314145922660829
}