{
    "accuracy": 0.9038461538461539,
    "loss": 0.7787021664902568
}