{
    "accuracy": 0.9192307692307692,
    "loss": 1.244402927905321,
    "epoch": 57.0
}