{
    "accuracy": 0.90625,
    "loss": 0.7574113334388434
}