{
    "accuracy": 0.9089285714285713,
    "loss": 1.3810262221843004
}