{
    "accuracy": 0.8616666666666667,
    "loss": 1.1324854493141174,
    "epoch": 5.0
}