{
    "accuracy": 0.8491666666666667,
    "loss": 1.6663452625274657
}