{
    "accuracy": 0.9288461538461539,
    "loss": 1.1945012271404267,
    "epoch": 15.0
}