{
    "accuracy": 0.9038461538461539,
    "loss": 1.1747308164834975,
    "epoch": 72.0
}