{
    "accuracy": 0.9067307692307691,
    "loss": 1.3285620227456092
}