{
    "accuracy": 0.8958333333333334,
    "loss": 1.2097344923143585
}