{
    "accuracy": 0.8645833333333334,
    "loss": 1.799623837073644
}