{
    "accuracy": 0.8558333333333333,
    "loss": 2.051391398906708
}