{
    "accuracy": 0.9108333333333334,
    "loss": 0.807119631767273,
    "epoch": 77.0
}