{
    "accuracy": 0.90625,
    "loss": 0.7670665720167259
}