{
    "accuracy": 0.8983333333333334,
    "loss": 0.470107889175415,
    "epoch": 11.0
}