{
    "accuracy": 0.90625,
    "loss": 1.2908394555447558
}