{
    "accuracy": 0.8107142857142857,
    "loss": 3.1605399627238513
}