{
    "accuracy": 0.8857142857142858,
    "loss": 1.8485168144106865
}