{
    "accuracy": 0.9089285714285713,
    "loss": 1.0147424831986427,
    "epoch": 46.0
}