{
    "accuracy": 0.833173076923077,
    "loss": 1.535539799928665
}