{
    "accuracy": 0.8759615384615385,
    "loss": 1.7051085889339448
}