{
    "accuracy": 0.8982142857142857,
    "loss": 1.215181600768119
}