{
    "accuracy": 0.8958333333333334,
    "loss": 0.8471484926746294
}