{
    "accuracy": 0.8982142857142857,
    "loss": 1.1072627663612367
}