{
    "accuracy": 0.9038461538461539,
    "loss": 0.7861317843198776,
    "epoch": 23.0
}