{
    "accuracy": 0.8983333333333334,
    "loss": 0.449616402387619,
    "epoch": 6.0
}