{
    "accuracy": 0.9192307692307692,
    "loss": 0.37752256691455843,
    "epoch": 14.0
}