{
    "accuracy": 0.90625,
    "loss": 0.9980743398856854
}