{
    "accuracy": 0.9163461538461538,
    "loss": 1.4792576164007187,
    "epoch": 2.0
}