{
    "accuracy": 0.9038461538461539,
    "loss": 1.5357954412698747,
    "epoch": 86.0
}