{
    "accuracy": 0.8982142857142857,
    "loss": 0.7583670377731323,
    "epoch": 50.0
}