{
    "accuracy": 0.8821428571428571,
    "loss": 2.050646477029659
}