{
    "accuracy": 0.8854166666666666,
    "loss": 1.4569628068205691
}