{
    "accuracy": 0.9009615384615385,
    "loss": 1.2765399917960167,
    "epoch": 16.0
}