{
    "accuracy": 0.9053571428571429,
    "loss": 1.189639060292393,
    "epoch": 42.0
}