{
    "accuracy": 0.8983333333333334,
    "loss": 1.0125798088032751,
    "epoch": 70.0
}