{
    "accuracy": 0.9357142857142857,
    "loss": 0.6765180855989457,
    "epoch": 14.0
}