{
    "accuracy": 0.8884615384615385,
    "loss": 1.3166561737656592
}