{
    "accuracy": 0.8866666666666667,
    "loss": 0.7045132242143154
}