{
    "accuracy": 0.8858333333333335,
    "loss": 0.48762288987636565
}