{
    "accuracy": 0.8733333333333334,
    "loss": 0.4449114453047514
}