{
    "accuracy": 0.9116666666666667,
    "loss": 0.8619877062737942,
    "epoch": 16.0
}