{
    "accuracy": 0.8964285714285714,
    "loss": 0.5306062221527099,
    "epoch": 4.0
}