{
    "accuracy": 0.8759615384615385,
    "loss": 1.261149325594306
}