{
    "accuracy": 0.8821428571428571,
    "loss": 0.5906846165657044,
    "epoch": 3.0
}