{
    "accuracy": 0.90625,
    "loss": 0.9821831961889984
}