{
    "accuracy": 0.86875,
    "loss": 1.803760641813278,
    "epoch": 43.0
}