{
    "accuracy": 0.8982142857142857,
    "loss": 0.3036562085151672,
    "epoch": 10.0
}