{
    "accuracy": 0.8696428571428572,
    "loss": 1.4987042278051377
}