{
    "accuracy": 0.8616666666666667,
    "loss": 2.4019420385360717
}