{
    "accuracy": 0.90625,
    "loss": 0.49053402692079545,
    "epoch": 5.0
}