{
    "accuracy": 0.8964285714285714,
    "loss": 1.7717292606830597
}