{
    "accuracy": 0.8858333333333335,
    "loss": 1.1852707226760686
}