{
    "accuracy": 0.8866666666666667,
    "loss": 0.8158756032586097
}