{
    "accuracy": 0.9009615384615385,
    "loss": 0.7196449622511863,
    "epoch": 4.0
}