{
    "accuracy": 0.8958333333333334,
    "loss": 1.0071440083531134
}