{
    "accuracy": 0.8858333333333335,
    "loss": 0.42525025103241204
}