{
    "accuracy": 0.9270833333333334,
    "loss": 0.3791340619015197,
    "epoch": 10.0
}