{
    "accuracy": 0.9107142857142858,
    "loss": 1.2229796797037125,
    "epoch": 40.0
}