{
    "accuracy": 0.9009615384615385,
    "loss": 0.4413663625717163,
    "epoch": 2.0
}