{
    "accuracy": 0.9134615384615385,
    "loss": 1.3277497559785842,
    "epoch": 61.0
}