{
    "accuracy": 0.8346153846153846,
    "loss": 1.8531989276409149
}