{
    "accuracy": 0.8858333333333335,
    "loss": 0.5770099490880967,
    "epoch": 9.0
}