{
    "accuracy": 0.9116666666666667,
    "loss": 0.8247591733932496,
    "epoch": 11.0
}