{
    "accuracy": 0.9192307692307692,
    "loss": 0.8147039663046598,
    "epoch": 89.0
}