{
    "accuracy": 0.8942307692307692,
    "loss": 0.773385414481163,
    "epoch": 13.0
}