{
    "accuracy": 0.8884615384615385,
    "loss": 1.4422242164611816
}