{
    "accuracy": 0.9107142857142858,
    "loss": 0.9416936330497265
}