{
    "accuracy": 0.8857142857142858,
    "loss": 0.7928874899167567
}