{
    "accuracy": 0.8360576923076923,
    "loss": 2.2300304889678957
}