{
    "accuracy": 0.9038461538461539,
    "loss": 1.424208614230156,
    "epoch": 19.0
}