{
    "accuracy": 0.8446428571428571,
    "loss": 1.7132980465888976
}