{
    "accuracy": 0.8923076923076924,
    "loss": 0.6143739089369774,
    "epoch": 47.0
}