{
    "accuracy": 0.9071428571428571,
    "loss": 0.9675091743469239,
    "epoch": 11.0
}