{
    "accuracy": 0.8607142857142858,
    "loss": 0.5978954993013759
}