{
    "accuracy": 0.8741666666666668,
    "loss": 0.507095330953598,
    "epoch": 1.0
}