{
    "accuracy": 0.9089285714285713,
    "loss": 0.48815313577651975,
    "epoch": 8.0
}