{
    "accuracy": 0.9288461538461539,
    "loss": 1.1683309644460678,
    "epoch": 42.0
}