{
    "accuracy": 0.9214285714285714,
    "loss": 1.4301392018795014,
    "epoch": 46.0
}