{
    "accuracy": 0.8413461538461539,
    "loss": 0.5528936326503754
}