{
    "accuracy": 0.89375,
    "loss": 3.1106204826850443,
    "epoch": 97.0
}