{
    "accuracy": 0.9089285714285713,
    "loss": 0.8767255641520023,
    "epoch": 9.0
}