{
    "accuracy": 0.9232142857142858,
    "loss": 0.7170167386531829,
    "epoch": 4.0
}