{
    "accuracy": 0.8991666666666667,
    "loss": 0.8025276601314545,
    "epoch": 47.0
}