{
    "accuracy": 0.8471153846153847,
    "loss": 1.9709799319505692
}