{
    "accuracy": 0.8858333333333335,
    "loss": 0.5885157853364944,
    "epoch": 7.0
}