{
    "accuracy": 0.96875,
    "loss": 1.1099420889513567,
    "epoch": 100.0
}