{
    "accuracy": 0.8982142857142857,
    "loss": 1.4927225470542909
}