{
    "accuracy": 0.8384615384615385,
    "loss": 1.98849259018898
}