{
    "accuracy": 0.8759615384615385,
    "loss": 1.2407587975263596
}