{
    "accuracy": 0.8482142857142858,
    "loss": 2.151058864593506
}