{
    "accuracy": 0.8964285714285714,
    "loss": 1.018973095342517
}