{
    "accuracy": 0.8788461538461538,
    "loss": 1.5614497065544128
}