{
    "accuracy": 0.8858333333333335,
    "loss": 0.9734625071287155
}