{
    "accuracy": 0.8854166666666666,
    "loss": 1.737891151259343,
    "epoch": 68.0
}