{
    "accuracy": 0.9163461538461538,
    "loss": 1.078824532032013,
    "epoch": 14.0
}