{
    "accuracy": 0.9214285714285714,
    "loss": 1.122360098361969,
    "epoch": 4.0
}