{
    "accuracy": 0.9192307692307692,
    "loss": 1.1577619038522244,
    "epoch": 50.0
}