{
    "accuracy": 0.8857142857142858,
    "loss": 2.246809658408165
}