{
    "accuracy": 0.9241071428571429,
    "loss": 0.8002537176012993,
    "epoch": 47.0
}