{
    "accuracy": 0.9067307692307691,
    "loss": 2.1300005957484247,
    "epoch": 64.0
}