{
    "accuracy": 0.8294642857142858,
    "loss": 2.222709811478853
}