{
    "accuracy": 0.9089285714285713,
    "loss": 0.6016508340835571,
    "epoch": 2.0
}