{
    "accuracy": 0.8483333333333334,
    "loss": 2.0596381187438966
}