{
    "accuracy": 0.9270833333333334,
    "loss": 0.3477272097952664,
    "epoch": 8.0
}