{
    "accuracy": 0.8616666666666667,
    "loss": 1.6233252882957458
}