{
    "accuracy": 0.9134615384615385,
    "loss": 0.5359984040260315,
    "epoch": 2.0
}