{
    "accuracy": 0.9107142857142858,
    "loss": 0.5463048130273819,
    "epoch": 5.0
}