{
    "accuracy": 0.8870833333333333,
    "loss": 0.7709211245179176,
    "epoch": 20.0
}