{
    "accuracy": 0.8589285714285714,
    "loss": 1.9134433388710022,
    "epoch": 18.0
}