{
    "accuracy": 0.8608333333333335,
    "loss": 1.3988104671239854
}