{
    "accuracy": 0.8607142857142858,
    "loss": 2.28885959982872
}