{
    "accuracy": 0.9107142857142858,
    "loss": 0.609832888841629,
    "epoch": 27.0
}