{
    "accuracy": 0.8071428571428572,
    "loss": 3.55448055267334
}