{
    "accuracy": 0.90625,
    "loss": 0.5293639987707138,
    "epoch": 1.0
}