{
    "accuracy": 0.9107142857142858,
    "loss": 0.5671484917402267,
    "epoch": 19.0
}