{
    "accuracy": 0.8303571428571429,
    "loss": 2.316811168193817
}