{
    "accuracy": 0.8196428571428571,
    "loss": 2.2126359701156617
}