{
    "accuracy": 0.8946428571428571,
    "loss": 1.5207893610000611,
    "epoch": 17.0
}