{
    "accuracy": 0.9166666666666666,
    "loss": 0.3989837613577644,
    "epoch": 4.0
}