{
    "accuracy": 0.8607142857142858,
    "loss": 2.2692996203899383
}