{
    "accuracy": 0.8884615384615385,
    "loss": 1.1563648357987404
}