{
    "accuracy": 0.8732142857142857,
    "loss": 1.8114770621061325
}