{
    "accuracy": 0.8964285714285714,
    "loss": 0.652756966650486,
    "epoch": 7.0
}