{
    "accuracy": 0.8471153846153847,
    "loss": 2.0958723947405815
}