{
    "accuracy": 0.9270833333333334,
    "loss": 0.3192181046276043,
    "epoch": 13.0
}