{
    "accuracy": 0.8971153846153846,
    "loss": 0.688627177476883,
    "epoch": 13.0
}