{
    "accuracy": 0.9232142857142858,
    "loss": 0.23410489559173583,
    "epoch": 10.0
}