{
    "accuracy": 0.8571428571428571,
    "loss": 1.3347384929656982
}