{
    "accuracy": 0.9108333333333334,
    "loss": 0.6410579741001129,
    "epoch": 13.0
}