{
    "accuracy": 0.95625,
    "loss": 0.8192122073291103
}