{
    "accuracy": 0.9166666666666666,
    "loss": 0.6880226033196474
}