{
    "accuracy": 0.8571428571428571,
    "loss": 1.71458620429039
}