{
    "accuracy": 0.8983333333333334,
    "loss": 0.2916280597448349,
    "epoch": 12.0
}