{
    "accuracy": 0.8884615384615385,
    "loss": 0.4665587082505226
}