{
    "accuracy": 0.8839285714285714,
    "loss": 1.345605457329657
}