{
    "accuracy": 0.8821428571428571,
    "loss": 1.347178077697754
}