{
    "accuracy": 0.9166666666666666,
    "loss": 0.5234487587586045,
    "epoch": 8.0
}