{
    "accuracy": 0.8589285714285714,
    "loss": 2.0187475800514223
}