{
    "accuracy": 0.90625,
    "loss": 1.1541567297676731,
    "epoch": 41.0
}