{
    "accuracy": 0.8607142857142858,
    "loss": 0.4538206889294088
}