{
    "accuracy": 0.9135802469135803,
    "loss": 0.20075840713387286,
    "epoch": 41.0
}