{
    "accuracy": 0.8839285714285714,
    "loss": 0.264483368396759,
    "epoch": 1.0
}