{
    "accuracy": 0.9197530864197531,
    "loss": 0.1983576956695935,
    "epoch": 8.0
}