{
    "accuracy": 0.9382716049382717,
    "loss": 0.16708785212917807,
    "epoch": 55.0
}