{
    "accuracy": 0.8458333333333334,
    "loss": 0.579740349855274
}