{
    "accuracy": 0.8857142857142858,
    "loss": 0.5383190406486392
}