{
    "accuracy": 0.9523809523809524,
    "loss": 0.13024833079959666,
    "epoch": 4.0
}