{
    "accuracy": 0.7993827160493828,
    "loss": 1.280920844641649
}