{
    "accuracy": 0.8928571428571429,
    "loss": 0.33153588462820544,
    "epoch": 45.0
}