{
    "accuracy": 0.9208333333333334,
    "loss": 0.27554021360119807,
    "epoch": 14.0
}