{
    "accuracy": 0.8925000000000001,
    "loss": 0.8024265612603813
}