{
    "accuracy": 0.9135802469135803,
    "loss": 0.4870248114837405,
    "epoch": 71.0
}