{
    "accuracy": 0.8977272727272727,
    "loss": 0.314256717112254
}