{
    "accuracy": 0.8607142857142858,
    "loss": 1.2937954300548882
}