{
    "accuracy": 0.9204545454545454,
    "loss": 0.4192719517423856,
    "epoch": 57.0
}