{
    "accuracy": 0.8452380952380952,
    "loss": 0.4749013898544945
}