{
    "accuracy": 0.9208333333333334,
    "loss": 0.18690194045193492
}