{
    "accuracy": 0.8888888888888888,
    "loss": 0.5877980948967653
}