{
    "accuracy": 0.8607142857142858,
    "loss": 0.5285279731731862,
    "epoch": 12.0
}