{
    "accuracy": 0.9083333333333334,
    "loss": 0.5051792587444652
}