{
    "accuracy": 0.9204545454545454,
    "loss": 0.43340735195141117
}