{
    "accuracy": 0.9285714285714287,
    "loss": 0.1548681002230816,
    "epoch": 65.0
}