{
    "accuracy": 0.8333333333333334,
    "loss": 0.19028989161813148
}