{
    "accuracy": 0.8977272727272727,
    "loss": 0.37415904526344756
}