{
    "accuracy": 0.9444444444444444,
    "loss": 0.5642186102411941
}