{
    "accuracy": 0.8964285714285714,
    "loss": 0.9289785977364204
}