{
    "accuracy": 0.9090909090909091,
    "loss": 0.2773967101027004
}