{
    "accuracy": 0.8925000000000001,
    "loss": 0.7347130750652469
}