{
    "accuracy": 0.9074074074074074,
    "loss": 0.18839714865855597,
    "epoch": 6.0
}