{
    "accuracy": 0.9083333333333334,
    "loss": 0.38914237841963767,
    "epoch": 18.0
}