{
    "accuracy": 0.802469135802469,
    "loss": 0.5122799882665277
}