{
    "accuracy": 0.8690476190476192,
    "loss": 0.2924065627157688,
    "epoch": 18.0
}