{
    "accuracy": 0.9318181818181818,
    "loss": 0.3139340277570723,
    "epoch": 70.0
}