{
    "accuracy": 0.8857142857142858,
    "loss": 0.33696068078279495,
    "epoch": 1.0
}