{
    "accuracy": 0.9567901234567903,
    "loss": 0.17520004148698515,
    "epoch": 2.0
}