{
    "accuracy": 0.8583333333333334,
    "loss": 1.0525702915503643
}