{
    "accuracy": 0.8925000000000001,
    "loss": 0.8832114601725494
}