{
    "accuracy": 0.9090909090909091,
    "loss": 1.0494492452077215
}