{
    "accuracy": 0.8982142857142857,
    "loss": 0.3894731868058443,
    "epoch": 77.0
}