{
    "accuracy": 0.9204545454545454,
    "loss": 0.4131592846849592
}