{
    "accuracy": 0.8641975308641975,
    "loss": 0.8172514698767612,
    "epoch": 19.0
}