{
    "accuracy": 0.9083333333333334,
    "loss": 0.5041283285245299,
    "epoch": 53.0
}