{
    "accuracy": 0.9545454545454546,
    "loss": 0.29199151470675133,
    "epoch": 70.0
}