{
    "accuracy": 0.9204545454545454,
    "loss": 0.28816557032140816,
    "epoch": 12.0
}