{
    "accuracy": 0.9214285714285714,
    "loss": 0.5802302385403891,
    "epoch": 22.0
}