{
    "accuracy": 0.8857142857142858,
    "loss": 0.9429899589158595
}