{
    "accuracy": 0.9089285714285713,
    "loss": 0.2751601689495146,
    "epoch": 23.0
}