{
    "accuracy": 0.9012345679012346,
    "loss": 0.5446340810994846
}