{
    "accuracy": 0.858974358974359,
    "loss": 0.6984992681760699,
    "epoch": 80.0
}