{
    "accuracy": 0.9090909090909091,
    "loss": 0.20286603686823088,
    "epoch": 1.0
}