{
    "accuracy": 0.9197530864197531,
    "loss": 0.2621351250387147
}