{
    "accuracy": 0.9090909090909091,
    "loss": 0.31363604723645205
}