{
    "accuracy": 0.9083333333333334,
    "loss": 0.6267491722936029
}