{
    "accuracy": 0.9090909090909091,
    "loss": 0.360907863994891
}