{
    "accuracy": 0.9333333333333333,
    "loss": 0.2434784267563373,
    "epoch": 4.0
}