{
    "accuracy": 0.8518518518518519,
    "loss": 1.043416604017626
}