{
    "accuracy": 0.8611111111111112,
    "loss": 0.2928228061646223,
    "epoch": 21.0
}