{
    "accuracy": 0.9083333333333334,
    "loss": 0.7245792878986321
}