{
    "accuracy": 0.9204545454545454,
    "loss": 0.1864861867983233,
    "epoch": 3.0
}