{
    "accuracy": 0.9458333333333334,
    "loss": 0.4285190284717828,
    "epoch": 72.0
}