{
    "accuracy": 0.8339285714285714,
    "loss": 0.765906471858034
}