{
    "accuracy": 0.8958333333333334,
    "loss": 0.5692281001945958
}