{
    "accuracy": 0.8339285714285714,
    "loss": 0.5172046521562151
}