{
    "accuracy": 0.8409090909090909,
    "loss": 0.6381699487577531
}