{
    "accuracy": 0.9285714285714286,
    "loss": 0.31689474590530153,
    "epoch": 60.0
}