{
    "accuracy": 0.9083333333333334,
    "loss": 0.6467430535238237
}