{
    "accuracy": 0.9551282051282052,
    "loss": 0.4340485910606851,
    "epoch": 28.0
}