{
    "accuracy": 0.8857142857142858,
    "loss": 0.5912608596496284
}