{
    "accuracy": 0.8857142857142858,
    "loss": 0.9771969995927066
}