{
    "accuracy": 0.8857142857142858,
    "loss": 0.37311862111091615,
    "epoch": 4.0
}