{
    "accuracy": 0.9208333333333334,
    "loss": 0.5188746933359653
}