{
    "accuracy": 0.8714285714285713,
    "loss": 0.2226160179823637,
    "epoch": 1.0
}