{
    "accuracy": 0.9333333333333333,
    "loss": 0.24314112011343242,
    "epoch": 44.0
}