{
    "accuracy": 0.9204545454545454,
    "loss": 0.32560372474307026,
    "epoch": 31.0
}