{
    "accuracy": 0.9318181818181818,
    "loss": 0.27266890105833724,
    "epoch": 76.0
}