{
    "accuracy": 0.8714285714285713,
    "loss": 0.2420069795101881,
    "epoch": 1.0
}