{
    "accuracy": 0.8925000000000001,
    "loss": 0.6837430187517839
}