{
    "accuracy": 0.9047619047619049,
    "loss": 0.4177242198742793,
    "epoch": 80.0
}