{
    "accuracy": 0.9404761904761907,
    "loss": 0.14218173777979765,
    "epoch": 52.0
}