{
    "accuracy": 0.9615384615384616,
    "loss": 0.24601356920507336,
    "epoch": 8.0
}