{
    "accuracy": 0.8982142857142857,
    "loss": 0.5337009990587831,
    "epoch": 27.0
}