{
    "accuracy": 0.925925925925926,
    "loss": 0.17943473062769044,
    "epoch": 3.0
}