{
    "accuracy": 0.9318181818181818,
    "loss": 0.19430561321364206,
    "epoch": 14.0
}