{
    "accuracy": 0.9197530864197531,
    "loss": 0.25876510839371886
}