{
    "accuracy": 0.845679012345679,
    "loss": 1.0116830637141025
}