{
    "accuracy": 0.8982142857142857,
    "loss": 0.5409392978064715,
    "epoch": 29.0
}