{
    "accuracy": 0.9175000000000001,
    "loss": 0.5341077805552231
}