{
    "accuracy": 0.8583333333333334,
    "loss": 0.5975874682422727
}