{
    "accuracy": 0.9551282051282052,
    "loss": 0.4587264449867644
}