{
    "accuracy": 0.9458333333333334,
    "loss": 0.3659992406013771,
    "epoch": 33.0
}