{
    "accuracy": 0.8800000000000001,
    "loss": 0.6500154868565005
}