{
    "accuracy": 0.8977272727272727,
    "loss": 0.4062685494427569
}