{
    "accuracy": 0.9318181818181818,
    "loss": 0.275366629796653,
    "epoch": 45.0
}