{
    "accuracy": 0.9090909090909091,
    "loss": 0.408422795419359
}