{
    "accuracy": 0.9444444444444444,
    "loss": 0.5307076453174078
}