{
    "accuracy": 0.8833333333333334,
    "loss": 0.3303993448615074,
    "epoch": 13.0
}