{
    "accuracy": 0.9204545454545454,
    "loss": 0.20422863865017213,
    "epoch": 8.0
}