{
    "accuracy": 0.9208333333333334,
    "loss": 0.7608639494934323
}