{
    "accuracy": 0.8607142857142858,
    "loss": 0.4511965186335146
}