{
    "accuracy": 0.9333333333333333,
    "loss": 0.5078566057592979,
    "epoch": 18.0
}