{
    "accuracy": 0.8857142857142858,
    "loss": 0.6673616204410792,
    "epoch": 57.0
}