{
    "accuracy": 0.9107142857142858,
    "loss": 0.4612398664467037,
    "epoch": 72.0
}