{
    "accuracy": 0.9135802469135803,
    "loss": 0.2266333583722742,
    "epoch": 6.0
}