{
    "accuracy": 0.9431818181818182,
    "loss": 0.28405489366162906,
    "epoch": 75.0
}