{
    "accuracy": 0.9175000000000001,
    "loss": 0.48174682668031893
}