{
    "accuracy": 0.8518518518518519,
    "loss": 1.06988118393138
}