{
    "accuracy": 0.8839285714285714,
    "loss": 0.2564647920429707,
    "epoch": 3.0
}