{
    "accuracy": 0.8714285714285713,
    "loss": 0.39502789080142975
}