{
    "accuracy": 0.9333333333333333,
    "loss": 0.4805962006947084,
    "epoch": 65.0
}