{
    "accuracy": 0.9318181818181818,
    "loss": 0.3654384992736265,
    "epoch": 49.0
}