{
    "accuracy": 0.9083333333333334,
    "loss": 0.3531308435136452,
    "epoch": 20.0
}