{
    "accuracy": 0.9333333333333333,
    "loss": 0.22663656426593662,
    "epoch": 20.0
}