{
    "accuracy": 0.8214285714285715,
    "loss": 0.5901813846109819
}