{
    "accuracy": 0.7857142857142857,
    "loss": 2.3790306167876616
}