{
    "accuracy": 0.9567901234567903,
    "loss": 0.576658038694579,
    "epoch": 20.0
}