{
    "accuracy": 0.8333333333333334,
    "loss": 0.3358194982564008,
    "epoch": 12.0
}