{
    "accuracy": 0.8464285714285713,
    "loss": 0.5060391462408006
}