{
    "accuracy": 0.9642857142857144,
    "loss": 0.07123446479194431,
    "epoch": 17.0
}