{
    "accuracy": 0.619047619047619,
    "loss": 0.371167851878064,
    "epoch": 2.0
}