{
    "accuracy": 0.9089285714285713,
    "loss": 0.23016812548739835,
    "epoch": 45.0
}