{
    "accuracy": 0.8964285714285714,
    "loss": 0.2377167522907257,
    "epoch": 1.0
}