{
    "accuracy": 0.8964285714285714,
    "loss": 0.30772445088950917
}