{
    "accuracy": 0.8977272727272727,
    "loss": 0.3760153222247027
}