{
    "accuracy": 0.8839285714285714,
    "loss": 0.27988163344562056,
    "epoch": 5.0
}