{
    "accuracy": 0.9208333333333334,
    "loss": 0.27277023792266847,
    "epoch": 1.0
}