{
    "accuracy": 0.9208333333333334,
    "loss": 0.4737858523556497,
    "epoch": 29.0
}