{
    "accuracy": 0.8925000000000001,
    "loss": 0.551180110046198
}