{
    "accuracy": 0.8732142857142857,
    "loss": 0.631058329064399
}