{
    "accuracy": 0.8928571428571429,
    "loss": 0.1795831102291621
}