{
    "accuracy": 0.9012345679012346,
    "loss": 0.2967154683902447
}