{
    "accuracy": 0.8833333333333334,
    "loss": 0.8896106343768906
}