{
    "accuracy": 0.9197530864197531,
    "loss": 0.19632414877149687,
    "epoch": 5.0
}