{
    "accuracy": 0.8589285714285714,
    "loss": 0.5088297739974224
}