{
    "accuracy": 0.8641975308641975,
    "loss": 1.0195922666735155,
    "epoch": 49.0
}