{
    "accuracy": 0.9135802469135803,
    "loss": 0.18343640067097214,
    "epoch": 2.0
}