{
    "accuracy": 0.9333333333333333,
    "loss": 0.2332829491700977,
    "epoch": 36.0
}