{
    "accuracy": 0.8518518518518519,
    "loss": 0.8779715554857696
}