{
    "accuracy": 0.9431818181818182,
    "loss": 0.21401624885303053,
    "epoch": 35.0
}