{
    "accuracy": 0.9175000000000001,
    "loss": 0.640756792609318,
    "epoch": 27.0
}