{
    "accuracy": 0.8982142857142857,
    "loss": 0.3450225293636322,
    "epoch": 1.0
}