{
    "accuracy": 0.9318181818181818,
    "loss": 0.2185654781589454,
    "epoch": 6.0
}