{
    "accuracy": 0.9318181818181818,
    "loss": 0.2513719084884294,
    "epoch": 22.0
}