{
    "accuracy": 0.845679012345679,
    "loss": 0.5631843871226834,
    "epoch": 13.0
}