{
    "accuracy": 0.8708333333333333,
    "loss": 0.4022834607545519
}