{
    "accuracy": 0.8928571428571429,
    "loss": 0.2337935013430459,
    "epoch": 17.0
}