{
    "accuracy": 0.9431818181818182,
    "loss": 0.20307545757598497,
    "epoch": 36.0
}