{
    "accuracy": 0.8839285714285714,
    "loss": 0.3404111057519913,
    "epoch": 1.0
}