{
    "accuracy": 0.9090909090909091,
    "loss": 0.346358853593384
}