{
    "accuracy": 0.9204545454545454,
    "loss": 0.25048819969577546,
    "epoch": 5.0
}