{
    "accuracy": 0.9318181818181818,
    "loss": 0.32212099754674867,
    "epoch": 42.0
}