{
    "accuracy": 0.8928571428571429,
    "loss": 0.3539840480703528,
    "epoch": 53.0
}