{
    "accuracy": 0.9135802469135802,
    "loss": 0.26457151724887945,
    "epoch": 8.0
}