{
    "accuracy": 0.9333333333333333,
    "loss": 0.3958735183477984,
    "epoch": 9.0
}