{
    "accuracy": 0.7976190476190476,
    "loss": 1.4177062978960129
}