{
    "accuracy": 0.8714285714285713,
    "loss": 0.3817789201857522
}