{
    "accuracy": 0.9318181818181818,
    "loss": 0.29765644610795955,
    "epoch": 14.0
}