{
    "accuracy": 0.9208333333333334,
    "loss": 0.5301647453932674
}