{
    "accuracy": 0.9204545454545454,
    "loss": 0.4373890764763928
}