{
    "accuracy": 0.9333333333333333,
    "loss": 0.47732977366395063,
    "epoch": 21.0
}