{
    "accuracy": 0.8214285714285714,
    "loss": 1.4228524040576302
}