{
    "accuracy": 0.9089285714285713,
    "loss": 0.513248652650509,
    "epoch": 58.0
}