{
    "accuracy": 0.8703703703703703,
    "loss": 0.562666578108393,
    "epoch": 46.0
}