{
    "accuracy": 0.8982142857142857,
    "loss": 0.4304000295698643,
    "epoch": 11.0
}