{
    "accuracy": 0.8925000000000001,
    "loss": 1.1116896259240092
}