{
    "accuracy": 0.9012345679012346,
    "loss": 0.49454988494056595
}