{
    "accuracy": 0.9090909090909091,
    "loss": 0.23997812023894352
}