{
    "accuracy": 0.8583333333333334,
    "loss": 0.5586804421589477
}