{
    "accuracy": 0.9166666666666667,
    "loss": 0.10511370577229075
}