{
    "accuracy": 0.7716049382716049,
    "loss": 1.3896015405315902
}