{
    "accuracy": 0.9166666666666667,
    "loss": 0.22272790991447827
}