{
    "accuracy": 0.9012345679012347,
    "loss": 0.21050899226597888
}