{
    "accuracy": 0.8857142857142858,
    "loss": 0.3003999345004559,
    "epoch": 24.0
}