{
    "accuracy": 0.9431818181818182,
    "loss": 0.21902971667110582,
    "epoch": 78.0
}