{
    "accuracy": 0.8452380952380951,
    "loss": 0.6498952142553337
}