{
    "accuracy": 0.9333333333333333,
    "loss": 0.4794218356197234
}