{
    "accuracy": 0.9047619047619049,
    "loss": 0.781685252252698,
    "epoch": 63.0
}