{
    "accuracy": 0.8925000000000001,
    "loss": 0.6252900664097979
}