{
    "accuracy": 0.8925000000000001,
    "loss": 0.5754419707488523
}