{
    "accuracy": 0.8958333333333334,
    "loss": 0.5843078593490645
}