{
    "accuracy": 0.8732142857142857,
    "loss": 1.1847587804310025
}