{
    "accuracy": 0.9047619047619048,
    "loss": 0.4518910850920942,
    "epoch": 53.0
}