{
    "accuracy": 0.869047619047619,
    "loss": 0.9797177598220149
}