{
    "accuracy": 0.9333333333333333,
    "loss": 0.3978683875058778,
    "epoch": 9.0
}