{
    "accuracy": 0.8833333333333334,
    "loss": 0.6917168561310973
}