{
    "accuracy": 0.8333333333333333,
    "loss": 0.7576143151186484
}