{
    "accuracy": 0.8214285714285714,
    "loss": 1.8412874442238718
}