{
    "accuracy": 0.9318181818181818,
    "loss": 0.3419464574068446,
    "epoch": 44.0
}