{
    "accuracy": 0.9083333333333334,
    "loss": 0.5017687398823909
}