{
    "accuracy": 0.8928571428571429,
    "loss": 0.5973483498075378
}