{
    "accuracy": 0.9047619047619049,
    "loss": 0.2980461042274588,
    "epoch": 32.0
}