{
    "accuracy": 0.7976190476190476,
    "loss": 1.3659344453947793
}