{
    "accuracy": 0.8977272727272727,
    "loss": 0.3990640329535712,
    "epoch": 26.0
}