{
    "accuracy": 0.9204545454545454,
    "loss": 0.30127845402933995
}