{
    "accuracy": 0.9204545454545454,
    "loss": 0.20454265096817503
}