{
    "accuracy": 0.9318181818181818,
    "loss": 0.2577537276824428,
    "epoch": 19.0
}