{
    "accuracy": 0.892857142857143,
    "loss": 0.37232849878936186
}