{
    "accuracy": 0.9208333333333334,
    "loss": 0.26219602293567734
}