{
    "accuracy": 0.9208333333333334,
    "loss": 0.7031243065372109
}