{
    "accuracy": 0.6363636363636364,
    "loss": 0.34075354327532376,
    "epoch": 1.0
}