{
    "accuracy": 0.9166666666666667,
    "loss": 0.33534182996819645
}