{
    "accuracy": 0.9204545454545454,
    "loss": 0.6538366537980355,
    "epoch": 51.0
}