{
    "accuracy": 0.8339285714285714,
    "loss": 0.6338924482522998
}