{
    "accuracy": 0.7982142857142857,
    "loss": 1.0178935531526805
}