{
    "accuracy": 0.8958333333333334,
    "loss": 0.487227635490126
}