{
    "accuracy": 0.9285714285714287,
    "loss": 0.3123641867756045,
    "epoch": 36.0
}