{
    "accuracy": 0.9333333333333333,
    "loss": 0.517256851925049,
    "epoch": 38.0
}