{
    "accuracy": 0.8300000000000001,
    "loss": 1.5415722916834056
}