{
    "accuracy": 0.9090909090909091,
    "loss": 0.3377216329880122
}