{
    "accuracy": 0.8732142857142857,
    "loss": 1.0191544029861688
}