{
    "accuracy": 0.9074074074074073,
    "loss": 0.2897966536262107,
    "epoch": 12.0
}