{
    "accuracy": 0.8833333333333334,
    "loss": 0.48131309943564704
}