{
    "accuracy": 0.8982142857142857,
    "loss": 0.4606524092843756,
    "epoch": 44.0
}