{
    "accuracy": 0.8518518518518519,
    "loss": 0.9940592058921067,
    "epoch": 44.0
}