{
    "accuracy": 0.9204545454545454,
    "loss": 0.25445268425391987
}