{
    "accuracy": 0.9320987654320988,
    "loss": 0.19284038118339375,
    "epoch": 6.0
}