{
    "accuracy": 0.9404761904761907,
    "loss": 0.39398698083679623,
    "epoch": 77.0
}