{
    "accuracy": 0.7901234567901234,
    "loss": 0.15600509393132395,
    "epoch": 12.0
}