{
    "accuracy": 0.7901234567901234,
    "loss": 0.13645758735084976,
    "epoch": 8.0
}