{
    "accuracy": 0.6790123456790123,
    "loss": 0.15818305506750388
}