{
    "accuracy": 0.8464285714285713,
    "loss": 0.6178748551901663
}