{
    "accuracy": 0.9208333333333334,
    "loss": 0.7300232585752383
}