{
    "accuracy": 0.9318181818181818,
    "loss": 0.23951698374003172,
    "epoch": 16.0
}