{
    "accuracy": 0.8958333333333334,
    "loss": 0.7537879270308622
}