{
    "accuracy": 0.9431818181818182,
    "loss": 0.3294612654929303,
    "epoch": 28.0
}