{
    "accuracy": 0.9318181818181818,
    "loss": 0.35472687001509423,
    "epoch": 68.0
}