{
    "accuracy": 0.8464285714285713,
    "loss": 0.8341791891944013
}