{
    "accuracy": 0.9318181818181818,
    "loss": 0.24766885950653392,
    "epoch": 14.0
}