{
    "accuracy": 0.8607142857142858,
    "loss": 1.6591543665213977
}