{
    "accuracy": 0.8714285714285713,
    "loss": 1.1243298953108023
}