{
    "accuracy": 0.8982142857142857,
    "loss": 0.4416704010218382,
    "epoch": 4.0
}