{
    "accuracy": 0.9208333333333334,
    "loss": 0.33850090568885205,
    "epoch": 5.0
}