{
    "accuracy": 0.9318181818181818,
    "loss": 0.25187958899716084,
    "epoch": 16.0
}