{
    "accuracy": 0.9090909090909091,
    "loss": 0.5274004413579612
}