{
    "accuracy": 0.9333333333333333,
    "loss": 0.4050209669047035,
    "epoch": 15.0
}