{
    "accuracy": 0.8958333333333334,
    "loss": 0.608296534405963
}