{
    "accuracy": 0.9204545454545454,
    "loss": 0.2224780159833079,
    "epoch": 9.0
}