{
    "accuracy": 0.9204545454545454,
    "loss": 0.35642202167086495
}