{
    "accuracy": 0.8958333333333334,
    "loss": 0.44373602941632273
}