{
    "accuracy": 0.9204545454545454,
    "loss": 0.3637896822236309
}