{
    "accuracy": 0.8977272727272727,
    "loss": 0.6831821935692184,
    "epoch": 81.0
}