{
    "accuracy": 0.9318181818181818,
    "loss": 0.31265597623264924,
    "epoch": 41.0
}