{
    "accuracy": 0.9107142857142858,
    "loss": 0.7013924149679951,
    "epoch": 69.0
}