{
    "accuracy": 0.9333333333333333,
    "loss": 0.618917165968378,
    "epoch": 89.0
}