{
    "accuracy": 0.8839285714285714,
    "loss": 0.4178500753390836
}