{
    "accuracy": 0.9208333333333334,
    "loss": 0.6778690144970824
}