{
    "accuracy": 0.9090909090909091,
    "loss": 0.39113338730319147
}