{
    "accuracy": 0.8607142857142858,
    "loss": 0.7161776185035705
}