{
    "accuracy": 0.8863636363636364,
    "loss": 0.44164709302805766
}