{
    "accuracy": 0.8300000000000001,
    "loss": 1.4791570621426218
}