{
    "accuracy": 0.8357142857142857,
    "loss": 0.6586365076713264
}