{
    "accuracy": 0.8925000000000001,
    "loss": 1.099460971543095
}