{
    "accuracy": 0.8982142857142857,
    "loss": 0.8146777627058327,
    "epoch": 97.0
}