{
    "accuracy": 0.8977272727272727,
    "loss": 0.4392633849241644
}