{
    "accuracy": 0.8857142857142858,
    "loss": 0.5374805325642228,
    "epoch": 27.0
}