{
    "accuracy": 0.8833333333333334,
    "loss": 0.817984155373415
}