{
    "accuracy": 0.8589285714285714,
    "loss": 0.776022008707514
}