{
    "accuracy": 0.8714285714285713,
    "loss": 0.5023989264096599
}