{
    "accuracy": 0.9318181818181818,
    "loss": 0.4817751575116993,
    "epoch": 82.0
}