{
    "accuracy": 0.8732142857142857,
    "loss": 0.30041854493319986,
    "epoch": 5.0
}