{
    "accuracy": 0.9431818181818182,
    "loss": 0.24527503332038494,
    "epoch": 29.0
}