{
    "accuracy": 0.8833333333333334,
    "loss": 0.5893509710789658
}