{
    "accuracy": 0.9090909090909091,
    "loss": 0.37329270507457707
}