{
    "accuracy": 0.8964285714285714,
    "loss": 0.3688248000573367,
    "epoch": 33.0
}