{
    "accuracy": 0.9089285714285713,
    "loss": 0.26575723439455035,
    "epoch": 26.0
}