{
    "accuracy": 0.9318181818181818,
    "loss": 0.2746149330526929,
    "epoch": 43.0
}