{
    "accuracy": 0.9333333333333333,
    "loss": 0.5863623235498381,
    "epoch": 57.0
}