{
    "accuracy": 0.9318181818181818,
    "loss": 0.31141657155769115,
    "epoch": 62.0
}