{
    "accuracy": 0.9333333333333333,
    "loss": 0.508158394574275,
    "epoch": 7.0
}