{
    "accuracy": 0.9333333333333333,
    "loss": 0.6891411371015238,
    "epoch": 40.0
}