{
    "accuracy": 0.8964285714285714,
    "loss": 0.4237691791175166,
    "epoch": 63.0
}