{
    "accuracy": 0.9318181818181818,
    "loss": 0.24697445852639663,
    "epoch": 22.0
}