{
    "accuracy": 0.8732142857142857,
    "loss": 1.0183205070032273
}