{
    "accuracy": 0.8958333333333334,
    "loss": 0.8361094753607177,
    "epoch": 81.0
}