{
    "accuracy": 0.8958333333333334,
    "loss": 0.5230752282775939
}