{
    "accuracy": 0.9208333333333334,
    "loss": 0.4192845814890461,
    "epoch": 47.0
}