{
    "accuracy": 0.8977272727272727,
    "loss": 0.3935864099105608,
    "epoch": 43.0
}