{
    "accuracy": 0.9204545454545454,
    "loss": 0.28577763409438456,
    "epoch": 43.0
}