{
    "accuracy": 0.9318181818181818,
    "loss": 0.2578529058849778,
    "epoch": 48.0
}