{
    "accuracy": 0.8964285714285714,
    "loss": 0.3567957100458443,
    "epoch": 21.0
}