{
    "accuracy": 0.8857142857142858,
    "loss": 0.810896477708593,
    "epoch": 43.0
}