{
    "accuracy": 0.9232142857142858,
    "loss": 0.25509830880910156,
    "epoch": 46.0
}