{
    "accuracy": 0.9318181818181818,
    "loss": 0.3121412988402881,
    "epoch": 28.0
}