{
    "accuracy": 0.8732142857142857,
    "loss": 0.76709867909085
}