{
    "accuracy": 0.8857142857142858,
    "loss": 1.0173474805196747,
    "epoch": 46.0
}