{
    "accuracy": 0.9333333333333333,
    "loss": 0.27146557229571044,
    "epoch": 7.0
}