{
    "accuracy": 0.8958333333333334,
    "loss": 0.7983700602099816
}