{
    "accuracy": 0.8964285714285714,
    "loss": 0.6088377083884552,
    "epoch": 20.0
}