{
    "accuracy": 0.8925000000000001,
    "loss": 0.9348175651088241
}