{
    "accuracy": 0.9090909090909091,
    "loss": 0.3975084178223783
}