{
    "accuracy": 0.8982142857142857,
    "loss": 0.42360383947379887,
    "epoch": 33.0
}