{
    "accuracy": 0.8607142857142858,
    "loss": 0.8420415662374581
}