{
    "accuracy": 0.9204545454545454,
    "loss": 0.36763001204268553
}