{
    "accuracy": 0.8857142857142858,
    "loss": 0.8344624461460626,
    "epoch": 99.0
}