{
    "accuracy": 0.9090909090909091,
    "loss": 0.2299490476619791,
    "epoch": 20.0
}