{
    "accuracy": 0.9204545454545454,
    "loss": 0.4193179745026017
}