{
    "accuracy": 0.8977272727272727,
    "loss": 0.3260938901671166
}