{
    "accuracy": 0.8958333333333334,
    "loss": 0.6981485817505018
}