{
    "accuracy": 0.9208333333333334,
    "loss": 0.6646882590734094
}