{
    "accuracy": 0.8464285714285713,
    "loss": 1.000284329429269
}