{
    "accuracy": 0.9333333333333333,
    "loss": 0.4935995272244327,
    "epoch": 14.0
}