{
    "accuracy": 0.8839285714285714,
    "loss": 0.9411702993116979
}