{
    "accuracy": 0.9204545454545454,
    "loss": 0.19155594202774492,
    "epoch": 4.0
}