{
    "accuracy": 0.9208333333333334,
    "loss": 0.3606844529276714,
    "epoch": 16.0
}