{
    "accuracy": 0.9090909090909091,
    "loss": 0.33840901037910953
}