{
    "accuracy": 0.8607142857142858,
    "loss": 0.826512981299311
}