{
    "accuracy": 0.9318181818181818,
    "loss": 0.3844645463131284,
    "epoch": 68.0
}