{
    "accuracy": 0.8857142857142858,
    "loss": 0.4159420149866492,
    "epoch": 15.0
}