{
    "accuracy": 0.9318181818181818,
    "loss": 0.268645878627219,
    "epoch": 61.0
}