{
    "accuracy": 0.9090909090909091,
    "loss": 0.33162015790400223
}