{
    "accuracy": 0.9208333333333334,
    "loss": 0.9308743593411691
}