{
    "accuracy": 0.9208333333333334,
    "loss": 1.0002090075306473
}