{
    "accuracy": 0.8958333333333334,
    "loss": 0.31895986325107517,
    "epoch": 12.0
}