{
    "accuracy": 0.9204545454545454,
    "loss": 0.3907198849324645,
    "epoch": 43.0
}