{
    "accuracy": 0.9090909090909091,
    "loss": 0.5568852006249059
}