{
    "accuracy": 0.8839285714285714,
    "loss": 0.4825218950398266,
    "epoch": 15.0
}