{
    "accuracy": 0.8863636363636364,
    "loss": 0.6580258866308255
}