{
    "accuracy": 0.8964285714285714,
    "loss": 0.4413687494117767,
    "epoch": 30.0
}