{
    "accuracy": 0.9204545454545454,
    "loss": 0.3926402360560711
}