{
    "accuracy": 0.8589285714285714,
    "loss": 0.4984757045051083
}