{
    "accuracy": 0.8857142857142858,
    "loss": 1.3179511960945092,
    "epoch": 71.0
}