{
    "accuracy": 0.8583333333333334,
    "loss": 0.6472462178964633
}