{
    "accuracy": 0.8857142857142858,
    "loss": 0.33038430418819187,
    "epoch": 29.0
}