{
    "accuracy": 0.8958333333333334,
    "loss": 0.8310342424298597
}