{
    "accuracy": 0.8732142857142857,
    "loss": 0.41057835072278975,
    "epoch": 7.0
}