{
    "accuracy": 0.8732142857142857,
    "loss": 0.5414895987603814
}