{
    "accuracy": 0.8714285714285713,
    "loss": 0.6461949586984701
}