{
    "accuracy": 0.8958333333333334,
    "loss": 0.8550867306516011
}