{
    "accuracy": 0.8982142857142857,
    "loss": 0.5305449098348618,
    "epoch": 11.0
}