{
    "accuracy": 0.8977272727272727,
    "loss": 0.33294231351464987
}