{
    "accuracy": 0.9333333333333333,
    "loss": 0.4302125760819763,
    "epoch": 34.0
}