{
    "accuracy": 0.8458333333333334,
    "loss": 0.6162558849089692
}