{
    "accuracy": 0.8636363636363636,
    "loss": 0.7520222031944299
}