{
    "accuracy": 0.9208333333333334,
    "loss": 0.3533990237629041,
    "epoch": 6.0
}