{
    "accuracy": 0.8464285714285713,
    "loss": 0.5216698720818386
}