{
    "accuracy": 0.8964285714285714,
    "loss": 0.40156489970977416,
    "epoch": 5.0
}