{
    "accuracy": 0.8482142857142858,
    "loss": 0.6311732143090921
}