{
    "accuracy": 0.9090909090909091,
    "loss": 0.43931658049537375
}