{
    "accuracy": 0.9318181818181818,
    "loss": 0.31972508345444856,
    "epoch": 91.0
}