filename,truth_label,predict_label,probability,is_right,confidence
001203_0.npy,0,0,1.0,True
003401_0.npy,0,0,1.0,True
004602_0.npy,0,0,1.0,True
004605_0.npy,0,0,1.0,True
004905_0.npy,0,0,1.0,True
005602_0.npy,0,0,1.0,True
005603_0.npy,0,0,1.0,True
005701_1.npy,1,1,0.9594259262084961,True
005803_1.npy,1,1,1.0,True
006001_1.npy,1,1,1.0,True
006105_0.npy,0,0,1.0,True
006601_1.npy,1,0,0.9998334646224976,False
011001_1.npy,1,1,1.0,True
011801_0.npy,0,0,1.0,True
012003_1.npy,1,0,0.9999791383743286,False
012601_0.npy,0,0,1.0,True
016902_1.npy,1,1,1.0,True
017102_0.npy,0,0,1.0,True
017903_0.npy,0,0,1.0,True
018807_0.npy,0,0,0.9993851184844971,True
019503_1.npy,1,1,1.0,True
019601_1.npy,1,1,1.0,True
020401_1.npy,1,1,1.0,True
023502_0.npy,0,1,0.9999998807907104,False
024105_0.npy,0,0,0.9561287760734558,True
024902_1.npy,1,1,1.0,True
025701_1.npy,1,1,1.0,True
029601_1.npy,1,1,0.9999810457229614,True
033702_1.npy,1,1,1.0,True
034502_0.npy,0,0,0.9994170665740967,True
034601_0.npy,0,0,1.0,True
035301_0.npy,0,0,1.0,True
036202_1.npy,1,1,1.0,True
036301_0.npy,0,0,1.0,True
036601_1.npy,1,1,1.0,True
037501_0.npy,0,0,1.0,True
037903_0.npy,0,0,1.0,True
038602_1.npy,1,0,1.0,False
040402_0.npy,0,0,0.999982476234436,True
040901_0.npy,0,0,1.0,True
042001_1.npy,1,0,0.9999909400939941,False
042702_0.npy,0,0,1.0,True
047301_0.npy,0,0,1.0,True
047304_0.npy,0,0,0.9999997615814209,True
048101_0.npy,0,1,0.9999954700469971,False
048903_1.npy,1,1,1.0,True
049101_0.npy,0,0,1.0,True
049201_0.npy,0,0,0.9999850988388062,True
049302_1.npy,1,1,1.0,True
057801_0.npy,0,0,1.0,True
058202_0.npy,0,0,0.9887265563011169,True
062404_1.npy,1,1,1.0,True
062601_0.npy,0,0,1.0,True
064803_0.npy,0,0,1.0,True
064911_0.npy,0,0,1.0,True
066302_0.npy,0,0,1.0,True
067103_1.npy,1,1,1.0,True
070401_0.npy,0,0,1.0,True
070703_0.npy,0,0,1.0,True
071501_1.npy,1,1,1.0,True
075106_0.npy,0,0,1.0,True
079901_1.npy,1,1,0.9999955892562866,True
081902_0.npy,0,0,1.0,True
081903_1.npy,1,1,1.0,True
082201_0.npy,0,1,0.8063849210739136,False
082801_1.npy,1,1,0.904318630695343,True
083802_0.npy,0,0,0.971439003944397,True
084302_0.npy,0,0,1.0,True
085201_0.npy,0,0,1.0,True
085510_0.npy,0,0,1.0,True
085805_0.npy,0,0,1.0,True
088003_0.npy,0,0,0.9981787204742432,True
088603_1.npy,1,1,1.0,True
091401_0.npy,0,0,1.0,True
091901_1.npy,1,1,1.0,True
094601_0.npy,0,1,0.9999997615814209,False
096802_1.npy,1,1,1.0,True
100403_1.npy,1,1,1.0,True
