filename,truth_label,predict_label,probability,is_right,confidence
000701_1.npy,1,1,1.0,True
001201_0.npy,0,0,1.0,True
001803_0.npy,0,0,1.0,True
004506_0.npy,0,0,1.0,True
004911_0.npy,0,1,0.5643924474716187,False
005301_1.npy,1,1,1.0,True
006004_1.npy,1,1,1.0,True
006702_0.npy,0,0,0.9999843835830688,True
008402_0.npy,0,1,0.9968992471694946,False
008701_1.npy,1,1,1.0,True
009102_0.npy,0,0,0.9999921321868896,True
009204_0.npy,0,0,1.0,True
011102_1.npy,1,1,1.0,True
013402_1.npy,1,1,0.9999722242355347,True
013504_0.npy,0,0,0.9999843835830688,True
014404_0.npy,0,0,1.0,True
015301_1.npy,1,1,1.0,True
016407_0.npy,0,0,1.0,True
018401_0.npy,0,0,0.9999957084655762,True
019002_1.npy,1,1,1.0,True
019301_0.npy,0,0,1.0,True
019504_1.npy,1,1,1.0,True
020301_0.npy,0,0,1.0,True
021201_0.npy,0,0,1.0,True
024101_0.npy,0,0,0.9999992847442627,True
030301_1.npy,1,1,1.0,True
031202_1.npy,1,0,0.9899725914001465,False
031505_0.npy,0,0,0.9999486207962036,True
032303_0.npy,0,0,1.0,True
033502_0.npy,0,0,1.0,True
035902_0.npy,0,0,1.0,True
037101_0.npy,0,0,0.9994146823883057,True
038701_1.npy,1,1,1.0,True
039901_0.npy,0,0,1.0,True
040501_0.npy,0,0,1.0,True
043501_0.npy,0,0,1.0,True
043704_0.npy,0,0,1.0,True
044202_0.npy,0,0,1.0,True
047501_0.npy,0,1,0.9999922513961792,False
049001_1.npy,1,1,0.9994078874588013,True
049602_0.npy,0,0,0.9999784231185913,True
052401_0.npy,0,0,1.0,True
052503_1.npy,1,1,0.9996100068092346,True
052904_0.npy,0,0,0.99982750415802,True
056802_0.npy,0,0,1.0,True
056903_0.npy,0,0,1.0,True
058208_0.npy,0,0,0.9999872446060181,True
060101_0.npy,0,0,0.9999514818191528,True
060801_1.npy,1,0,0.9998396635055542,False
061502_0.npy,0,0,1.0,True
061902_1.npy,1,1,1.0,True
062804_1.npy,1,0,1.0,False
063604_0.npy,0,0,1.0,True
064107_0.npy,0,0,1.0,True
067201_0.npy,0,0,1.0,True
067405_0.npy,0,0,1.0,True
069801_1.npy,1,1,1.0,True
074102_1.npy,1,1,1.0,True
077005_1.npy,1,1,0.9999895095825195,True
077201_1.npy,1,1,1.0,True
077502_1.npy,1,1,1.0,True
079101_0.npy,0,0,1.0,True
079801_0.npy,0,0,1.0,True
080001_0.npy,0,0,1.0,True
080501_1.npy,1,0,0.9999998807907104,False
081101_1.npy,1,1,1.0,True
082206_0.npy,0,0,1.0,True
085003_0.npy,0,1,1.0,False
086501_1.npy,1,1,1.0,True
086609_0.npy,0,1,1.0,False
090501_1.npy,1,0,0.9204000234603882,False
091303_1.npy,1,1,1.0,True
091608_0.npy,0,0,1.0,True
093305_0.npy,0,0,1.0,True
094001_1.npy,1,1,0.9996858835220337,True
094202_1.npy,1,1,1.0,True
096501_1.npy,1,1,1.0,True
