filename,truth_label,predict_label,probability,is_right,confidence
001203_0.npy,0,0,1.0,True
003401_0.npy,0,0,1.0,True
004602_0.npy,0,0,1.0,True
004605_0.npy,0,0,1.0,True
004905_0.npy,0,0,1.0,True
005602_0.npy,0,0,1.0,True
005603_0.npy,0,0,1.0,True
005701_1.npy,1,1,0.977744996547699,True
005803_1.npy,1,1,1.0,True
006001_1.npy,1,1,1.0,True
006105_0.npy,0,0,1.0,True
006601_1.npy,1,0,0.9998714923858643,False
011001_1.npy,1,1,1.0,True
011801_0.npy,0,0,1.0,True
012003_1.npy,1,0,0.999964714050293,False
012601_0.npy,0,0,1.0,True
016902_1.npy,1,1,1.0,True
017102_0.npy,0,0,1.0,True
017903_0.npy,0,0,1.0,True
018807_0.npy,0,0,0.9997740387916565,True
019503_1.npy,1,1,1.0,True
019601_1.npy,1,1,1.0,True
020401_1.npy,1,1,1.0,True
023502_0.npy,0,1,0.9999998807907104,False
024105_0.npy,0,0,0.9755234122276306,True
024902_1.npy,1,1,1.0,True
025701_1.npy,1,1,1.0,True
029601_1.npy,1,1,0.9999935626983643,True
033702_1.npy,1,1,1.0,True
034502_0.npy,0,0,0.999919056892395,True
034601_0.npy,0,0,1.0,True
035301_0.npy,0,0,1.0,True
036202_1.npy,1,1,1.0,True
036301_0.npy,0,0,1.0,True
036601_1.npy,1,1,1.0,True
037501_0.npy,0,0,1.0,True
037903_0.npy,0,0,1.0,True
038602_1.npy,1,0,1.0,False
040402_0.npy,0,0,0.9999926090240479,True
040901_0.npy,0,0,1.0,True
042001_1.npy,1,0,0.999996542930603,False
042702_0.npy,0,0,1.0,True
047301_0.npy,0,0,1.0,True
047304_0.npy,0,0,0.9999998807907104,True
048101_0.npy,0,1,0.9999961853027344,False
048903_1.npy,1,1,1.0,True
049101_0.npy,0,0,1.0,True
049201_0.npy,0,0,0.99998939037323,True
049302_1.npy,1,1,1.0,True
057801_0.npy,0,0,1.0,True
058202_0.npy,0,0,0.9970188140869141,True
062404_1.npy,1,1,1.0,True
062601_0.npy,0,0,1.0,True
064803_0.npy,0,0,1.0,True
064911_0.npy,0,0,1.0,True
066302_0.npy,0,0,1.0,True
067103_1.npy,1,1,1.0,True
070401_0.npy,0,0,1.0,True
070703_0.npy,0,0,1.0,True
071501_1.npy,1,1,1.0,True
075106_0.npy,0,0,1.0,True
079901_1.npy,1,1,0.9999885559082031,True
081902_0.npy,0,0,1.0,True
081903_1.npy,1,1,1.0,True
082201_0.npy,0,1,0.6831535696983337,False
082801_1.npy,1,1,0.8088024854660034,True
083802_0.npy,0,0,0.9834719896316528,True
084302_0.npy,0,0,1.0,True
085201_0.npy,0,0,1.0,True
085510_0.npy,0,0,1.0,True
085805_0.npy,0,0,1.0,True
088003_0.npy,0,0,0.9985969662666321,True
088603_1.npy,1,1,1.0,True
091401_0.npy,0,0,1.0,True
091901_1.npy,1,1,1.0,True
094601_0.npy,0,1,0.9999998807907104,False
096802_1.npy,1,1,1.0,True
100403_1.npy,1,1,1.0,True
