filename,truth_label,predict_label,probability,is_right,confidence
000302_1.npy,1,1,1.0,True
001211_0.npy,0,0,1.0,True
001303_1.npy,1,1,1.0,True
001501_1.npy,1,1,1.0,True
002403_0.npy,0,1,1.0,False
003104_0.npy,0,0,1.0,True
003105_1.npy,1,1,1.0,True
003902_0.npy,0,0,1.0,True
004603_0.npy,0,0,1.0,True
007002_0.npy,0,0,1.0,True
007901_0.npy,0,1,1.0,False
008403_0.npy,0,0,1.0,True
009901_0.npy,0,1,0.5671361088752747,False
010602_1.npy,1,1,1.0,True
011804_0.npy,0,0,1.0,True
012413_0.npy,0,0,0.9999803304672241,True
014202_0.npy,0,0,1.0,True
014903_0.npy,0,0,0.9999982118606567,True
016301_1.npy,1,1,1.0,True
018302_1.npy,1,1,1.0,True
018506_0.npy,0,0,1.0,True
019204_1.npy,1,1,0.7360380291938782,True
019402_1.npy,1,1,1.0,True
019502_1.npy,1,0,0.998059093952179,False
020302_1.npy,1,1,0.997524082660675,True
021101_1.npy,1,1,1.0,True
021503_0.npy,0,0,0.9996028542518616,True
024104_0.npy,0,0,1.0,True
026201_1.npy,1,1,1.0,True
026701_1.npy,1,1,1.0,True
027201_0.npy,0,1,0.8607617020606995,False
027302_0.npy,0,0,1.0,True
027601_1.npy,1,1,0.9999998807907104,True
028403_0.npy,0,0,1.0,True
036804_0.npy,0,0,1.0,True
039001_0.npy,0,0,0.9999639987945557,True
039406_1.npy,1,1,1.0,True
040210_1.npy,1,1,1.0,True
041507_1.npy,1,1,0.9999998807907104,True
043601_1.npy,1,1,1.0,True
048102_0.npy,0,0,0.9999998807907104,True
048502_0.npy,0,0,1.0,True
048706_0.npy,0,0,1.0,True
050302_0.npy,0,0,1.0,True
054102_0.npy,0,0,1.0,True
055901_0.npy,0,0,1.0,True
056803_0.npy,0,0,1.0,True
057201_0.npy,0,1,0.9349931478500366,False
060104_1.npy,1,1,1.0,True
062002_0.npy,0,0,0.9999061822891235,True
062806_1.npy,1,1,0.9898545145988464,True
063603_0.npy,0,1,0.9946948885917664,False
063701_0.npy,0,1,0.9999741315841675,False
063901_1.npy,1,0,1.0,False
064001_0.npy,0,0,1.0,True
064908_0.npy,0,0,1.0,True
072001_1.npy,1,1,1.0,True
072602_0.npy,0,0,1.0,True
074302_0.npy,0,0,1.0,True
074901_0.npy,0,0,1.0,True
077501_1.npy,1,0,1.0,False
079501_0.npy,0,0,1.0,True
081601_0.npy,0,0,1.0,True
082004_1.npy,1,1,1.0,True
084601_0.npy,0,0,0.5467453002929688,True
085103_0.npy,0,0,1.0,True
085516_0.npy,0,0,1.0,True
087009_0.npy,0,0,1.0,True
087011_1.npy,1,0,1.0,False
089601_1.npy,1,1,0.9999963045120239,True
090703_0.npy,0,0,1.0,True
091205_1.npy,1,1,1.0,True
094201_1.npy,1,1,1.0,True
098703_0.npy,0,0,1.0,True
100003_0.npy,0,0,0.9999533891677856,True
100305_1.npy,1,1,1.0,True
100404_0.npy,0,1,0.9975438714027405,False
101101_1.npy,1,1,1.0,True
