{
    "accuracy": 0.7589285714285715,
    "loss": 2.940140883127848
}