{
    "accuracy": 0.8095238095238096,
    "loss": 3.738331615924835,
    "epoch": 41.0
}