{
    "accuracy": 0.8618055555555556,
    "loss": 0.40750109155972797
}