{
    "accuracy": 0.8244047619047619,
    "loss": 2.80578605333964,
    "epoch": 32.0
}