{
    "accuracy": 0.7648809523809524,
    "loss": 4.323255697886149
}