{
    "accuracy": 0.9166666666666666,
    "loss": 0.5600949487707112
}