{
    "accuracy": 0.6763888888888889,
    "loss": 2.590015967686971
}