{
    "accuracy": 0.8065476190476191,
    "loss": 2.1448331673940024
}