{
    "accuracy": 0.84375,
    "loss": 2.3443514506022134,
    "epoch": 24.0
}