{
    "accuracy": 0.8645833333333334,
    "loss": 4.031382451454799,
    "epoch": 70.0
}