{
    "accuracy": 0.8660714285714285,
    "loss": 0.34635082880655926,
    "epoch": 8.0
}