{
    "accuracy": 0.8736111111111112,
    "loss": 0.41628310084342957,
    "epoch": 2.0
}