{
    "accuracy": 0.8794642857142857,
    "loss": 0.37489522496859234
}