{
    "accuracy": 0.8137254901960785,
    "loss": 3.4159691830476127,
    "epoch": 32.0
}