{
    "accuracy": 0.9136904761904763,
    "loss": 0.2866654594739278,
    "epoch": 7.0
}