{
    "accuracy": 0.7576388888888889,
    "loss": 4.637625892957051
}