{
    "accuracy": 0.8661858974358975,
    "loss": 0.4698093757033348,
    "epoch": 31.0
}