{
    "accuracy": 0.8333333333333334,
    "loss": 4.302282810211182,
    "epoch": 87.0
}