{
    "accuracy": 0.9032738095238096,
    "loss": 0.42292193075021106,
    "epoch": 31.0
}