{
    "accuracy": 0.7663690476190476,
    "loss": 0.5384876728057861
}