{
    "accuracy": 0.7620192307692308,
    "loss": 3.52282444636027,
    "epoch": 36.0
}