{
    "accuracy": 0.7363782051282052,
    "loss": 4.698838075002034
}