{
    "accuracy": 0.8527777777777779,
    "loss": 6.112282355626424,
    "epoch": 53.0
}