{
    "accuracy": 0.9791666666666666,
    "loss": 0.17959004392226538,
    "epoch": 14.0
}