{
    "accuracy": 0.7083333333333334,
    "loss": 3.9708350896835327
}