{
    "accuracy": 0.8349358974358975,
    "loss": 0.5484993780652682
}