{
    "accuracy": 0.8958333333333334,
    "loss": 0.34236203134059906,
    "epoch": 5.0
}