{
    "accuracy": 0.7861111111111111,
    "loss": 2.497897466023763,
    "epoch": 99.0
}