{
    "accuracy": 0.8377976190476191,
    "loss": 0.42787418762842816
}