{
    "accuracy": 0.96875,
    "loss": 0.14625118051966032
}