{
    "accuracy": 0.7916666666666666,
    "loss": 4.409748832384746
}