{
    "accuracy": 0.8958333333333334,
    "loss": 1.6784250463048618,
    "epoch": 48.0
}