{
    "accuracy": 0.7432598039215685,
    "loss": 5.1770445505778
}