{
    "accuracy": 0.8229166666666666,
    "loss": 3.6634119798739753
}