filename,truth_label,predict_label,probability,is_right,confidence
000302_1.npy,1,1,1.0,True
001211_0.npy,0,0,1.0,True
001303_1.npy,1,1,1.0,True
001501_1.npy,1,1,1.0,True
002403_0.npy,0,1,1.0,False
003104_0.npy,0,0,1.0,True
003105_1.npy,1,1,1.0,True
003902_0.npy,0,0,1.0,True
004603_0.npy,0,0,1.0,True
007002_0.npy,0,0,1.0,True
007901_0.npy,0,1,0.9999998807907104,False
008403_0.npy,0,0,1.0,True
009901_0.npy,0,1,1.0,False
010602_1.npy,1,1,1.0,True
011804_0.npy,0,0,1.0,True
012413_0.npy,0,0,0.9895505309104919,True
014202_0.npy,0,0,1.0,True
014903_0.npy,0,0,1.0,True
016301_1.npy,1,1,1.0,True
018302_1.npy,1,1,0.9993784427642822,True
018506_0.npy,0,0,1.0,True
019204_1.npy,1,0,0.9999383687973022,False
019402_1.npy,1,1,1.0,True
019502_1.npy,1,0,1.0,False
020302_1.npy,1,1,0.9999803304672241,True
021101_1.npy,1,1,1.0,True
021503_0.npy,0,1,0.8321877121925354,False
024104_0.npy,0,0,1.0,True
026201_1.npy,1,1,0.9928325414657593,True
026701_1.npy,1,1,1.0,True
027201_0.npy,0,0,1.0,True
027302_0.npy,0,0,1.0,True
027601_1.npy,1,1,0.9999912977218628,True
028403_0.npy,0,0,1.0,True
036804_0.npy,0,0,1.0,True
039001_0.npy,0,0,0.9799618721008301,True
039406_1.npy,1,1,1.0,True
040210_1.npy,1,1,1.0,True
041507_1.npy,1,1,1.0,True
043601_1.npy,1,1,1.0,True
048102_0.npy,0,0,1.0,True
048502_0.npy,0,0,1.0,True
048706_0.npy,0,0,1.0,True
050302_0.npy,0,0,1.0,True
054102_0.npy,0,0,1.0,True
055901_0.npy,0,0,1.0,True
056803_0.npy,0,0,1.0,True
057201_0.npy,0,0,0.9468352198600769,True
060104_1.npy,1,1,1.0,True
062002_0.npy,0,0,0.9986530542373657,True
062806_1.npy,1,0,1.0,False
063603_0.npy,0,1,0.9991372227668762,False
063701_0.npy,0,0,1.0,True
063901_1.npy,1,0,1.0,False
064001_0.npy,0,0,1.0,True
064908_0.npy,0,0,1.0,True
072001_1.npy,1,1,0.9979236125946045,True
072602_0.npy,0,0,1.0,True
074302_0.npy,0,0,1.0,True
074901_0.npy,0,0,1.0,True
077501_1.npy,1,0,1.0,False
079501_0.npy,0,0,1.0,True
081601_0.npy,0,0,1.0,True
082004_1.npy,1,1,1.0,True
084601_0.npy,0,1,0.9999239444732666,False
085103_0.npy,0,0,1.0,True
085516_0.npy,0,0,1.0,True
087009_0.npy,0,0,1.0,True
087011_1.npy,1,0,1.0,False
089601_1.npy,1,1,0.9137264490127563,True
090703_0.npy,0,0,1.0,True
091205_1.npy,1,1,1.0,True
094201_1.npy,1,1,1.0,True
098703_0.npy,0,0,1.0,True
100003_0.npy,0,0,0.9999959468841553,True
100305_1.npy,1,1,0.9999475479125977,True
100404_0.npy,0,0,0.524135410785675,True
101101_1.npy,1,1,1.0,True
