filename,truth_label,predict_label,probability,is_right,confidence
000302_1.npy,1,1,1.0,True
001211_0.npy,0,0,1.0,True
001303_1.npy,1,1,1.0,True
001501_1.npy,1,1,1.0,True
002403_0.npy,0,1,1.0,False
003104_0.npy,0,0,1.0,True
003105_1.npy,1,1,1.0,True
003902_0.npy,0,0,1.0,True
004603_0.npy,0,0,1.0,True
007002_0.npy,0,0,1.0,True
007901_0.npy,0,1,0.9999998807907104,False
008403_0.npy,0,0,1.0,True
009901_0.npy,0,1,1.0,False
010602_1.npy,1,1,1.0,True
011804_0.npy,0,0,1.0,True
012413_0.npy,0,0,0.966080904006958,True
014202_0.npy,0,0,1.0,True
014903_0.npy,0,0,1.0,True
016301_1.npy,1,1,1.0,True
018302_1.npy,1,1,0.9990805387496948,True
018506_0.npy,0,0,1.0,True
019204_1.npy,1,0,0.999954104423523,False
019402_1.npy,1,1,1.0,True
019502_1.npy,1,0,1.0,False
020302_1.npy,1,1,0.9999628067016602,True
021101_1.npy,1,1,1.0,True
021503_0.npy,0,1,0.8812095522880554,False
024104_0.npy,0,0,1.0,True
026201_1.npy,1,1,0.9813967943191528,True
026701_1.npy,1,1,1.0,True
027201_0.npy,0,0,1.0,True
027302_0.npy,0,0,1.0,True
027601_1.npy,1,1,0.9999972581863403,True
028403_0.npy,0,0,1.0,True
036804_0.npy,0,0,1.0,True
039001_0.npy,0,0,0.9516257047653198,True
039406_1.npy,1,1,1.0,True
040210_1.npy,1,1,1.0,True
041507_1.npy,1,1,1.0,True
043601_1.npy,1,1,1.0,True
048102_0.npy,0,0,1.0,True
048502_0.npy,0,0,1.0,True
048706_0.npy,0,0,1.0,True
050302_0.npy,0,0,1.0,True
054102_0.npy,0,0,1.0,True
055901_0.npy,0,0,1.0,True
056803_0.npy,0,0,1.0,True
057201_0.npy,0,0,0.8718114495277405,True
060104_1.npy,1,1,1.0,True
062002_0.npy,0,0,0.9996693134307861,True
062806_1.npy,1,0,1.0,False
063603_0.npy,0,1,0.9998263716697693,False
063701_0.npy,0,0,1.0,True
063901_1.npy,1,0,1.0,False
064001_0.npy,0,0,1.0,True
064908_0.npy,0,0,1.0,True
072001_1.npy,1,1,0.9874688386917114,True
072602_0.npy,0,0,1.0,True
074302_0.npy,0,0,1.0,True
074901_0.npy,0,0,1.0,True
077501_1.npy,1,0,1.0,False
079501_0.npy,0,0,1.0,True
081601_0.npy,0,0,1.0,True
082004_1.npy,1,1,1.0,True
084601_0.npy,0,1,0.999914288520813,False
085103_0.npy,0,0,1.0,True
085516_0.npy,0,0,1.0,True
087009_0.npy,0,0,1.0,True
087011_1.npy,1,0,1.0,False
089601_1.npy,1,0,0.5238286256790161,False
090703_0.npy,0,0,1.0,True
091205_1.npy,1,1,1.0,True
094201_1.npy,1,1,1.0,True
098703_0.npy,0,0,1.0,True
100003_0.npy,0,0,0.999997615814209,True
100305_1.npy,1,1,0.9999539852142334,True
100404_0.npy,0,1,0.8285977840423584,False
101101_1.npy,1,1,1.0,True
