filename,truth_label,predict_label,probability,is_right,confidence
000101_1.npy,1,1,1.0,True
000401_0.npy,0,0,1.0,True
001210_0.npy,0,0,1.0,True
003602_1.npy,1,0,0.9999997615814209,False
004403_1.npy,1,1,1.0,True
004604_0.npy,0,0,0.9960760474205017,True
006103_0.npy,0,0,0.9999656677246094,True
006402_1.npy,1,1,1.0,True
008301_0.npy,0,0,1.0,True
009401_1.npy,1,1,1.0,True
012004_1.npy,1,1,1.0,True
012902_1.npy,1,1,1.0,True
014201_0.npy,0,0,1.0,True
014402_0.npy,0,0,1.0,True
014502_1.npy,1,0,1.0,False
015803_0.npy,0,0,0.9779314398765564,True
019001_1.npy,1,1,1.0,True
019501_1.npy,1,0,1.0,False
022904_1.npy,1,1,1.0,True
025201_1.npy,1,1,1.0,True
028101_0.npy,0,0,1.0,True
028501_0.npy,0,1,0.999995231628418,False
028602_0.npy,0,1,1.0,False
028901_0.npy,0,1,0.9997768998146057,False
032601_1.npy,1,0,1.0,False
034501_0.npy,0,0,0.9999986886978149,True
034604_0.npy,0,0,1.0,True
035401_0.npy,0,0,1.0,True
039807_0.npy,0,0,1.0,True
040206_0.npy,0,1,0.9999048709869385,False
040603_0.npy,0,0,1.0,True
040702_1.npy,1,1,0.999975323677063,True
041503_1.npy,1,0,1.0,False
042301_1.npy,1,1,1.0,True
045003_0.npy,0,0,1.0,True
045301_1.npy,1,0,0.9999998807907104,False
046601_0.npy,0,0,1.0,True
047702_0.npy,0,0,1.0,True
054901_0.npy,0,0,1.0,True
056201_0.npy,0,0,1.0,True
056504_0.npy,0,0,1.0,True
056601_0.npy,0,0,1.0,True
058204_0.npy,0,0,1.0,True
059701_1.npy,1,1,1.0,True
060503_0.npy,0,0,1.0,True
060802_0.npy,0,0,1.0,True
064102_0.npy,0,0,1.0,True
064105_0.npy,0,0,1.0,True
065601_0.npy,0,0,1.0,True
066005_1.npy,1,1,0.9999203681945801,True
068604_1.npy,1,1,1.0,True
070802_0.npy,0,0,1.0,True
071202_1.npy,1,0,1.0,False
071307_1.npy,1,1,1.0,True
073502_0.npy,0,1,1.0,False
073901_0.npy,0,0,0.9549837708473206,True
074806_0.npy,0,0,1.0,True
075104_0.npy,0,1,0.8910651803016663,False
075601_1.npy,1,1,1.0,True
080502_1.npy,1,1,1.0,True
080605_0.npy,0,0,0.9978294968605042,True
082207_0.npy,0,0,1.0,True
082501_0.npy,0,0,1.0,True
082602_1.npy,1,1,1.0,True
083803_0.npy,0,0,0.990464448928833,True
084306_0.npy,0,0,1.0,True
085809_0.npy,0,0,1.0,True
086302_0.npy,0,0,1.0,True
090701_0.npy,0,0,1.0,True
091202_0.npy,0,0,1.0,True
091203_1.npy,1,1,1.0,True
099703_0.npy,0,0,1.0,True
100203_1.npy,1,1,1.0,True
100306_0.npy,0,0,1.0,True
100506_0.npy,0,0,1.0,True
100702_1.npy,1,1,0.9999997615814209,True
101102_1.npy,1,1,1.0,True
