{
    "accuracy": 0.85625,
    "loss": 0.5644793291395321
}