{
    "accuracy": 0.90625,
    "loss": 1.052984363529322,
    "epoch": 41.0
}