{
    "accuracy": 0.810126582278481,
    "loss": 0.897971262472728
}