{
    "accuracy": 0.86875,
    "loss": 0.39757128071817294,
    "epoch": 69.0
}