{
    "accuracy": 0.8164556962025317,
    "loss": 0.9233043075478754,
    "epoch": 85.0
}