{
    "accuracy": 0.91875,
    "loss": 0.48566933208857704
}