{
    "accuracy": 0.5063291139240507,
    "loss": 0.1431625630659393,
    "epoch": 62.0
}