{
    "accuracy": 0.88125,
    "loss": 0.3999142308164563,
    "epoch": 55.0
}