{
    "accuracy": 0.85625,
    "loss": 1.2820858028305075
}