{
    "accuracy": 0.7821428571428571,
    "loss": 2.0221808910369874
}