{
    "accuracy": 0.873076923076923,
    "loss": 1.1575390741229057
}