{
    "accuracy": 0.8366666666666667,
    "loss": 0.8972640186548233
}