{
    "accuracy": 0.9163461538461538,
    "loss": 1.1972756549715995,
    "epoch": 50.0
}