{
    "accuracy": 0.8759615384615385,
    "loss": 0.4120933707803488
}