{
    "accuracy": 0.8714285714285713,
    "loss": 0.9561918139457702
}