{
    "accuracy": 0.8221153846153847,
    "loss": 1.163133144378662
}