{
    "accuracy": 0.9116666666666667,
    "loss": 0.6393795073032379,
    "epoch": 59.0
}