{
    "accuracy": 0.7759615384615385,
    "loss": 2.713502901792526
}