{
    "accuracy": 0.9270833333333334,
    "loss": 0.5522863144869916,
    "epoch": 41.0
}