{
    "accuracy": 0.8483333333333334,
    "loss": 1.410785973072052,
    "epoch": 16.0
}