{
    "accuracy": 0.8857142857142858,
    "loss": 0.6681543570943177
}