{
    "accuracy": 0.9232142857142858,
    "loss": 0.4671434223651886,
    "epoch": 29.0
}