{
    "accuracy": 0.7928571428571429,
    "loss": 1.9115274548530579
}