{
    "accuracy": 0.8464285714285713,
    "loss": 2.066286709904671
}