{
    "accuracy": 0.8229166666666666,
    "loss": 1.619689777086175
}