{
    "accuracy": 0.9089285714285713,
    "loss": 0.3204486474394798,
    "epoch": 23.0
}