{
    "accuracy": 0.84375,
    "loss": 1.104440515783305,
    "epoch": 23.0
}