{
    "accuracy": 0.8741666666666668,
    "loss": 1.0593691021203995,
    "epoch": 27.0
}