{
    "accuracy": 0.8714285714285713,
    "loss": 1.6978347584605218,
    "epoch": 74.0
}