{
    "accuracy": 0.9166666666666666,
    "loss": 0.6310881666795467
}