{
    "accuracy": 0.8589285714285714,
    "loss": 0.3987024903297424
}