{
    "accuracy": 0.8446428571428571,
    "loss": 2.4409734904766083,
    "epoch": 58.0
}