{
    "accuracy": 0.8163461538461538,
    "loss": 2.5331712126731873,
    "epoch": 22.0
}