{
    "accuracy": 0.8839285714285714,
    "loss": 0.7938234806060791
}