{
    "accuracy": 0.9107142857142858,
    "loss": 0.3396047055721283,
    "epoch": 5.0
}