{
    "accuracy": 0.9107142857142858,
    "loss": 0.8025214239954949,
    "epoch": 19.0
}