{
    "accuracy": 0.9089285714285713,
    "loss": 0.2834491342306137,
    "epoch": 9.0
}