{
    "accuracy": 0.7849999999999999,
    "loss": 2.3365742683410646
}