{
    "accuracy": 0.7474999999999999,
    "loss": 2.7128696024417875
}