{
    "accuracy": 0.8616666666666667,
    "loss": 0.39813812971115115
}