{
    "accuracy": 0.8321428571428571,
    "loss": 1.594595456123352,
    "epoch": 34.0
}