{
    "accuracy": 0.8714285714285713,
    "loss": 0.43352209627628324
}