{
    "accuracy": 0.90625,
    "loss": 0.6313619144493714
}