{
    "accuracy": 0.9009615384615385,
    "loss": 0.3094863429665565,
    "epoch": 6.0
}