{
    "accuracy": 0.8571428571428571,
    "loss": 0.41903233528137207
}