{
    "accuracy": 0.8866666666666667,
    "loss": 0.38279966115951536,
    "epoch": 29.0
}