{
    "accuracy": 0.8329741379310345,
    "loss": 5.488782024383545
}