{
    "accuracy": 0.90625,
    "loss": 4.234477639198303
}