{
    "accuracy": 0.84375,
    "loss": 2.5931788434584937
}