{
    "accuracy": 0.953125,
    "loss": 3.119715854525566
}