{
    "accuracy": 0.8541666666666666,
    "loss": 4.093430697917938
}