{
    "accuracy": 0.9270833333333334,
    "loss": 1.0900145387277007
}