{
    "accuracy": 0.8944444444444445,
    "loss": 2.0764979124069214,
    "epoch": 83.0
}