{
    "accuracy": 0.8991935483870968,
    "loss": 1.251455545425415,
    "epoch": 17.0
}