{
    "accuracy": 0.96875,
    "loss": 0.1741165928542614,
    "epoch": 18.0
}