{
    "accuracy": 0.9022435897435898,
    "loss": 1.8744189888238907,
    "epoch": 47.0
}