{
    "accuracy": 0.8229166666666666,
    "loss": 7.221012592315674
}