{
    "accuracy": 0.8928571428571429,
    "loss": 1.159762442111969,
    "epoch": 16.0
}