{
    "accuracy": 0.8814102564102564,
    "loss": 1.377109209696452,
    "epoch": 21.0
}