{
    "accuracy": 0.9270833333333334,
    "loss": 0.6775004863739014,
    "epoch": 4.0
}