{
    "accuracy": 0.9345238095238096,
    "loss": 0.31009653210639954,
    "epoch": 5.0
}