{
    "accuracy": 0.8709935897435898,
    "loss": 3.7465679248174033
}