{
    "accuracy": 0.8885416666666667,
    "loss": 2.9735179096460342
}