{
    "accuracy": 0.9609375,
    "loss": 2.418742287904024,
    "epoch": 86.0
}