{
    "accuracy": 0.9270833333333334,
    "loss": 0.5658096373081207,
    "epoch": 8.0
}