{
    "accuracy": 0.8631944444444445,
    "loss": 1.0144292811552684
}