{
    "accuracy": 0.8958333333333334,
    "loss": 0.9458891749382019,
    "epoch": 8.0
}