{
    "accuracy": 0.8541666666666666,
    "loss": 1.480661492905104
}