{
    "accuracy": 0.9136904761904763,
    "loss": 2.309809366861979
}