{
    "accuracy": 0.8864583333333333,
    "loss": 1.298886626958847,
    "epoch": 7.0
}