{
    "accuracy": 0.8423611111111112,
    "loss": 9.811100800832113
}