{
    "accuracy": 0.907051282051282,
    "loss": 2.6150306463241577,
    "epoch": 51.0
}