{
    "accuracy": 0.8958333333333334,
    "loss": 1.9101834818720818
}