{
    "accuracy": 0.9174107142857143,
    "loss": 3.848321855068207
}