{
    "accuracy": 0.8301282051282052,
    "loss": 2.768183002869288
}