{
    "accuracy": 0.7872023809523809,
    "loss": 8.445507605870565
}