{
    "accuracy": 0.8658088235294118,
    "loss": 6.150140166282654
}