{
    "accuracy": 0.7790178571428572,
    "loss": 6.051124095916748
}