{
    "accuracy": 0.9583333333333334,
    "loss": 0.9892134765783945,
    "epoch": 2.0
}