{
    "accuracy": 0.9609375,
    "loss": 1.2194263637065887,
    "epoch": 4.0
}