{
    "accuracy": 0.8422619047619048,
    "loss": 6.686014811197917
}