{
    "accuracy": 0.8840277777777779,
    "loss": 5.118276635805766
}