{
    "accuracy": 0.8409722222222222,
    "loss": 7.867281357447307
}