{
    "accuracy": 0.9479166666666666,
    "loss": 0.5459608634312948,
    "epoch": 6.0
}