{
    "accuracy": 0.90625,
    "loss": 0.9049879511197408,
    "epoch": 6.0
}