{
    "accuracy": 0.8169642857142857,
    "loss": 8.981135169665018
}