{
    "accuracy": 0.9315476190476191,
    "loss": 0.2826046347618103,
    "epoch": 12.0
}