{
    "accuracy": 0.8645833333333334,
    "loss": 5.075448041160901
}