{
    "accuracy": 0.8814102564102564,
    "loss": 1.4715185463428497,
    "epoch": 39.0
}