{
    "accuracy": 0.8720238095238096,
    "loss": 1.5756395955880482,
    "epoch": 19.0
}