{
    "accuracy": 0.890625,
    "loss": 3.4002972841262817
}