{
    "accuracy": 0.8097222222222222,
    "loss": 11.204997291167578
}