{
    "accuracy": 0.8005952380952381,
    "loss": 12.18758773803711
}