{
    "accuracy": 0.8244047619047619,
    "loss": 2.5417970021565757
}