{
    "accuracy": 0.9270833333333334,
    "loss": 0.555243194103241,
    "epoch": 17.0
}