{
    "accuracy": 0.8898809523809524,
    "loss": 0.7656451463699341,
    "epoch": 9.0
}