{
    "accuracy": 0.7767857142857143,
    "loss": 6.738991101582845
}