{
    "accuracy": 0.8966346153846154,
    "loss": 3.1194602449735007,
    "epoch": 59.0
}