{
    "accuracy": 0.8556547619047619,
    "loss": 0.4161172111829122
}