{
    "accuracy": 0.8814102564102564,
    "loss": 0.390427865087986,
    "epoch": 11.0
}