{
    "accuracy": 0.9345238095238096,
    "loss": 0.996884951988856,
    "epoch": 46.0
}