{
    "accuracy": 0.9345238095238096,
    "loss": 0.1745757907629013,
    "epoch": 13.0
}