{
    "accuracy": 0.9270833333333334,
    "loss": 0.896412193775177,
    "epoch": 15.0
}