{
    "accuracy": 0.9054166666666668,
    "loss": 2.3009738683700562
}