{
    "accuracy": 0.9002976190476191,
    "loss": 0.9798480570316315,
    "epoch": 7.0
}