{
    "accuracy": 0.9429166666666667,
    "loss": 0.8228154838085174,
    "epoch": 15.0
}