{
    "accuracy": 0.8645833333333334,
    "loss": 2.6949268182118735
}