{
    "accuracy": 0.79375,
    "loss": 10.695592880249023
}