{
    "accuracy": 0.9765625,
    "loss": 1.2329631447792053,
    "epoch": 3.0
}