{
    "accuracy": 0.9345238095238096,
    "loss": 0.44851920008659363,
    "epoch": 2.0
}