{
    "accuracy": 0.9583333333333334,
    "loss": 0.5248730738336841,
    "epoch": 33.0
}