{
    "accuracy": 0.96875,
    "loss": 0.2712727139393489,
    "epoch": 5.0
}