{
    "accuracy": 0.8599759615384616,
    "loss": 4.934338212013245
}