{
    "accuracy": 0.96875,
    "loss": 1.0402707929412525,
    "epoch": 40.0
}