{
    "accuracy": 0.7455357142857143,
    "loss": 9.876969496409098
}