{
    "accuracy": 0.8944444444444445,
    "loss": 0.3808552622795105,
    "epoch": 3.0
}