{
    "accuracy": 0.8541666666666666,
    "loss": 3.115934133529663
}