{
    "accuracy": 0.70625,
    "loss": 6.339077758789062,
    "epoch": 25.0
}