{
    "accuracy": 0.9002976190476191,
    "loss": 0.9797217845916748,
    "epoch": 3.0
}