{
    "accuracy": 0.8824404761904763,
    "loss": 4.474822123845418
}