{
    "accuracy": 0.8840277777777779,
    "loss": 3.411728620529175
}