{
    "accuracy": 0.8452380952380952,
    "loss": 0.8312313283483187
}