{
    "accuracy": 0.8966346153846154,
    "loss": 1.1884280393520992,
    "epoch": 61.0
}