{
    "accuracy": 0.8533653846153846,
    "loss": 2.3537702560424805,
    "epoch": 53.0
}