{
    "accuracy": 0.8854166666666666,
    "loss": 1.8239177068074544
}