{
    "accuracy": 0.8556547619047619,
    "loss": 5.063380738099416
}