{
    "accuracy": 0.8305288461538461,
    "loss": 2.433059334754944,
    "epoch": 60.0
}