{
    "accuracy": 0.8720238095238096,
    "loss": 3.143646478652954
}