{
    "accuracy": 0.8958333333333334,
    "loss": 2.391535386443138
}