{
    "accuracy": 0.9166666666666666,
    "loss": 1.306601343055566,
    "epoch": 38.0
}