{
    "accuracy": 0.90625,
    "loss": 1.1716974427302678,
    "epoch": 20.0
}