{
    "accuracy": 0.9479166666666666,
    "loss": 0.8122758368651072,
    "epoch": 4.0
}