{
    "accuracy": 0.9032738095238096,
    "loss": 0.32625894745190936,
    "epoch": 5.0
}