{
    "accuracy": 0.8854166666666666,
    "loss": 4.2287430837750435
}