{
    "accuracy": 0.875801282051282,
    "loss": 6.046183109283447
}