{
    "accuracy": 0.8566176470588235,
    "loss": 1.825739065806071
}