{
    "accuracy": 0.921875,
    "loss": 1.3960437700152397,
    "epoch": 2.0
}