{
    "accuracy": 0.8944444444444445,
    "loss": 1.1968521475791931,
    "epoch": 2.0
}