{
    "accuracy": 0.9107142857142857,
    "loss": 1.1178693572680156,
    "epoch": 37.0
}