{
    "accuracy": 0.8645833333333334,
    "loss": 0.6187825606515011
}