{
    "accuracy": 0.8513888888888889,
    "loss": 5.170251290003459
}