{
    "accuracy": 0.8348214285714285,
    "loss": 6.653238614400228
}