{
    "accuracy": 0.84375,
    "loss": 10.028861772686165
}