{
    "accuracy": 0.9583333333333334,
    "loss": 2.10462480224669,
    "epoch": 30.0
}