{
    "accuracy": 0.8690257352941176,
    "loss": 9.340818107128143
}