{
    "accuracy": 0.9479166666666666,
    "loss": 2.7192883589304984
}