{
    "accuracy": 0.8840277777777779,
    "loss": 2.455377221107483
}