{
    "accuracy": 0.9270833333333334,
    "loss": 0.719293067852656,
    "epoch": 2.0
}