{
    "accuracy": 0.8814102564102564,
    "loss": 2.476314020653566
}