{
    "accuracy": 0.9136904761904763,
    "loss": 0.8279303709665934,
    "epoch": 17.0
}