{
    "accuracy": 0.8645833333333334,
    "loss": 1.2315762216652122
}