{
    "accuracy": 0.9479166666666666,
    "loss": 0.9836763143539429,
    "epoch": 2.0
}