{
    "accuracy": 0.8736111111111112,
    "loss": 7.08571994304657
}