{
    "accuracy": 0.96875,
    "loss": 1.1244623810052872,
    "epoch": 1.0
}