{
    "accuracy": 0.9270833333333334,
    "loss": 0.6091027855873108,
    "epoch": 8.0
}