{
    "accuracy": 0.8898809523809524,
    "loss": 4.416145761807759
}