{
    "accuracy": 0.9296875,
    "loss": 1.8758097849786282,
    "epoch": 45.0
}