{
    "accuracy": 0.96875,
    "loss": 0.7319826583067576,
    "epoch": 3.0
}