{
    "accuracy": 0.8658088235294118,
    "loss": 1.1349781155586243,
    "epoch": 8.0
}