{
    "accuracy": 0.8550403225806452,
    "loss": 8.374815464019775
}