{
    "accuracy": 0.821875,
    "loss": 5.1075186133384705
}