{
    "accuracy": 0.8970588235294118,
    "loss": 2.8542332649230957,
    "epoch": 35.0
}