{
    "accuracy": 0.9166666666666666,
    "loss": 1.519908578406709
}