{
    "accuracy": 0.8958333333333334,
    "loss": 1.6224175492922466
}