{
    "accuracy": 0.9479166666666666,
    "loss": 2.9948737961240113
}