{
    "accuracy": 0.8736111111111112,
    "loss": 3.5362054904301963
}