{
    "accuracy": 0.90625,
    "loss": 0.9397353827953339,
    "epoch": 3.0
}