{
    "accuracy": 0.891826923076923,
    "loss": 2.8972216645876565,
    "epoch": 38.0
}