{
    "accuracy": 0.9583333333333334,
    "loss": 0.5193822880585989,
    "epoch": 5.0
}