{
    "accuracy": 0.9222756410256411,
    "loss": 0.7739401459693909
}