{
    "accuracy": 0.9345238095238096,
    "loss": 0.9907269602020582,
    "epoch": 15.0
}