{
    "accuracy": 0.9609375,
    "loss": 0.7384966388344765,
    "epoch": 22.0
}