{
    "accuracy": 0.8462009803921569,
    "loss": 4.250168085098267
}