{
    "accuracy": 0.8080357142857143,
    "loss": 7.86710786819458
}