{
    "accuracy": 0.7203703703703704,
    "loss": 10.91957516670227
}