{
    "accuracy": 0.8455528846153846,
    "loss": 2.2931559085845947,
    "epoch": 41.0
}