{
    "accuracy": 0.8866421568627452,
    "loss": 0.8232396778961023
}