{
    "accuracy": 0.7956730769230769,
    "loss": 0.6032192997634411,
    "epoch": 31.0
}