{
    "accuracy": 0.9041666666666667,
    "loss": 3.1596296429634094,
    "epoch": 38.0
}