{
    "accuracy": 0.9431089743589745,
    "loss": 2.2478662629922233,
    "epoch": 23.0
}