{
    "accuracy": 0.8958333333333334,
    "loss": 5.564947651078303,
    "epoch": 33.0
}