{
    "accuracy": 0.8939732142857143,
    "loss": 5.073476284742355
}