{
    "accuracy": 0.8709935897435898,
    "loss": 3.451270898183187
}