{
    "accuracy": 0.84375,
    "loss": 4.630819002787272
}