{
    "accuracy": 0.8381696428571428,
    "loss": 3.747811198234558
}