{
    "accuracy": 0.9345238095238096,
    "loss": 1.1639658610026042,
    "epoch": 4.0
}