{
    "accuracy": 0.953125,
    "loss": 0.6440612003207207,
    "epoch": 30.0
}