{
    "accuracy": 0.8958333333333334,
    "loss": 2.223792216197277
}