{
    "accuracy": 0.90625,
    "loss": 1.7114328847577174,
    "epoch": 41.0
}