{
    "accuracy": 0.8854166666666666,
    "loss": 1.5315545151631038,
    "epoch": 23.0
}