{
    "accuracy": 0.9222756410256411,
    "loss": 0.47333412369092304,
    "epoch": 16.0
}