{
    "accuracy": 0.8709935897435898,
    "loss": 1.5432471136252086,
    "epoch": 36.0
}