{
    "accuracy": 0.9583333333333334,
    "loss": 0.9718281651536623
}