{
    "accuracy": 0.867741935483871,
    "loss": 1.6292045354843139,
    "epoch": 13.0
}