{
    "accuracy": 0.860576923076923,
    "loss": 5.107868984341621
}