{
    "accuracy": 0.9048611111111112,
    "loss": 1.369113822778066,
    "epoch": 30.0
}