{
    "accuracy": 0.9296875,
    "loss": 1.0544936656951904,
    "epoch": 19.0
}