{
    "accuracy": 0.9270833333333334,
    "loss": 0.7875701089700063,
    "epoch": 16.0
}