{
    "accuracy": 0.8645833333333334,
    "loss": 0.9484063585599264,
    "epoch": 12.0
}