{
    "accuracy": 0.8701923076923078,
    "loss": 1.1589849491914113,
    "epoch": 30.0
}