{
    "accuracy": 0.9166666666666666,
    "loss": 1.0020730296770732,
    "epoch": 3.0
}