{
    "accuracy": 0.8258928571428572,
    "loss": 4.014480471611023
}