{
    "accuracy": 0.8918103448275861,
    "loss": 1.434483790397644,
    "epoch": 29.0
}