{
    "accuracy": 0.8661637931034483,
    "loss": 1.5012416124343873,
    "epoch": 13.0
}