{
    "accuracy": 0.90625,
    "loss": 6.344258904457092
}