{
    "accuracy": 0.9056451612903226,
    "loss": 1.240983498096466,
    "epoch": 9.0
}