{
    "accuracy": 0.9270833333333334,
    "loss": 1.1236929098765056,
    "epoch": 30.0
}