{
    "accuracy": 0.8720238095238096,
    "loss": 2.376372108856837
}