{
    "accuracy": 0.8670343137254902,
    "loss": 2.686875899632772
}