{
    "accuracy": 0.8541666666666666,
    "loss": 2.6201571027437844
}