{
    "accuracy": 0.9270833333333334,
    "loss": 0.45061826705932617,
    "epoch": 2.0
}