{
    "accuracy": 0.9270833333333334,
    "loss": 0.580561637878418,
    "epoch": 1.0
}