{
    "accuracy": 0.9270833333333334,
    "loss": 0.7791779239972433,
    "epoch": 3.0
}