{
    "accuracy": 0.8958333333333334,
    "loss": 2.3870841190218925
}