{
    "accuracy": 0.8736111111111112,
    "loss": 0.3867007593313853,
    "epoch": 1.0
}