{
    "accuracy": 0.8395833333333333,
    "loss": 5.876752614974976
}