{
    "accuracy": 0.9166666666666666,
    "loss": 0.7919110059738159,
    "epoch": 3.0
}