{
    "accuracy": 0.8655172413793103,
    "loss": 1.6801414728164672,
    "epoch": 26.0
}