{
    "accuracy": 0.9166666666666666,
    "loss": 1.2474589763830106,
    "epoch": 33.0
}