{
    "accuracy": 0.93125,
    "loss": 1.572760319709778,
    "epoch": 29.0
}