{
    "accuracy": 0.9166666666666666,
    "loss": 0.4842679922779401
}