{
    "accuracy": 0.78625,
    "loss": 8.631815734505654
}