{
    "accuracy": 0.8618055555555556,
    "loss": 1.886709491411845
}