{
    "accuracy": 0.953125,
    "loss": 1.2295359075069427,
    "epoch": 6.0
}