{
    "accuracy": 0.9296875,
    "loss": 2.3569954624399543,
    "epoch": 48.0
}