{
    "accuracy": 0.7629807692307693,
    "loss": 1.3641732284799217
}