{
    "accuracy": 0.7686298076923077,
    "loss": 3.1366437673568726
}