{
    "accuracy": 0.8854166666666666,
    "loss": 3.70464888215065
}