{
    "accuracy": 0.891826923076923,
    "loss": 1.7712425639232,
    "epoch": 40.0
}