{
    "accuracy": 0.8794642857142857,
    "loss": 0.8903199632962545,
    "epoch": 6.0
}