{
    "accuracy": 0.8862179487179488,
    "loss": 6.929442962010701
}