{
    "accuracy": 0.9107142857142857,
    "loss": 0.8330021897951762,
    "epoch": 10.0
}