{
    "accuracy": 0.8854166666666666,
    "loss": 0.9907939831415812
}