{
    "accuracy": 0.7583333333333333,
    "loss": 3.6522168159484862,
    "epoch": 21.0
}