{
    "accuracy": 0.9583333333333334,
    "loss": 0.5750097036361694,
    "epoch": 9.0
}