{
    "accuracy": 0.9107142857142857,
    "loss": 1.1365491847197216,
    "epoch": 32.0
}