{
    "accuracy": 0.9166666666666666,
    "loss": 0.442030797402064,
    "epoch": 14.0
}