{
    "accuracy": 0.8673387096774194,
    "loss": 2.395529937744141
}