{
    "accuracy": 0.84375,
    "loss": 5.152445952097575
}