{
    "accuracy": 0.9487068965517242,
    "loss": 1.7216828107833861
}