{
    "accuracy": 0.8824404761904763,
    "loss": 5.4906924565633135
}