{
    "accuracy": 0.84375,
    "loss": 3.297256906827291
}