{
    "accuracy": 0.8357843137254902,
    "loss": 8.173938194910685
}