{
    "accuracy": 0.84375,
    "loss": 7.408204078674316
}