{
    "accuracy": 0.9479166666666666,
    "loss": 0.6099098920822144,
    "epoch": 22.0
}