{
    "accuracy": 0.8701923076923078,
    "loss": 2.9223007038235664
}