{
    "accuracy": 0.9237500000000001,
    "loss": 1.1081309020519257
}