{
    "accuracy": 0.9765625,
    "loss": 1.1173169761896133,
    "epoch": 2.0
}