{
    "accuracy": 0.9479166666666666,
    "loss": 0.5381264189879099,
    "epoch": 3.0
}