{
    "accuracy": 0.8824404761904763,
    "loss": 1.9013745586077373
}