{
    "accuracy": 0.8661858974358975,
    "loss": 1.401275763909022,
    "epoch": 36.0
}