{
    "accuracy": 0.9241071428571429,
    "loss": 0.9653869171937307,
    "epoch": 13.0
}