{
    "accuracy": 0.9252232142857143,
    "loss": 1.0196593105793,
    "epoch": 6.0
}