{
    "accuracy": 0.9479166666666666,
    "loss": 0.3689431995153427,
    "epoch": 17.0
}