{
    "accuracy": 0.9166666666666666,
    "loss": 0.3325684567292531,
    "epoch": 3.0
}