{
    "accuracy": 0.9166666666666666,
    "loss": 0.6284787803888321,
    "epoch": 11.0
}