{
    "accuracy": 0.9002976190476191,
    "loss": 0.9148031075795492,
    "epoch": 6.0
}