{
    "accuracy": 0.9270833333333334,
    "loss": 1.4537555699547131,
    "epoch": 49.0
}