{
    "accuracy": 0.9032738095238096,
    "loss": 0.4555317461490631,
    "epoch": 3.0
}