{
    "accuracy": 0.8597756410256411,
    "loss": 4.485891501108806
}