{
    "accuracy": 0.8273809523809524,
    "loss": 8.051851669947306
}