{
    "accuracy": 0.8181089743589745,
    "loss": 5.627748151620229
}