{
    "accuracy": 0.8110119047619048,
    "loss": 8.958224614461264
}