{
    "accuracy": 0.9556034482758621,
    "loss": 1.7033161878585816,
    "epoch": 36.0
}