{
    "accuracy": 0.8214285714285715,
    "loss": 9.385566075642904
}