{
    "accuracy": 0.9270833333333334,
    "loss": 0.4256784071524938,
    "epoch": 19.0
}