{
    "accuracy": 0.7976190476190476,
    "loss": 9.25177796681722
}