{
    "accuracy": 0.9048611111111112,
    "loss": 1.1842903196811676,
    "epoch": 13.0
}