{
    "accuracy": 0.8928571428571429,
    "loss": 2.5908131202061973
}