{
    "accuracy": 0.8958333333333334,
    "loss": 0.2845085735122363,
    "epoch": 8.0
}