{
    "accuracy": 0.8918103448275861,
    "loss": 1.6580549240112306
}