{
    "accuracy": 0.9166666666666666,
    "loss": 1.087000886599223,
    "epoch": 22.0
}