{
    "accuracy": 0.8966346153846154,
    "loss": 3.6158010959625244,
    "epoch": 30.0
}