{
    "accuracy": 0.83125,
    "loss": 0.7075291685760021,
    "epoch": 11.0
}