{
    "accuracy": 0.8348214285714285,
    "loss": 6.180819829305013
}