{
    "accuracy": 0.8679435483870968,
    "loss": 6.25341305732727,
    "epoch": 36.0
}