{
    "accuracy": 0.8631944444444445,
    "loss": 8.068885644276937
}