{
    "accuracy": 0.8928571428571429,
    "loss": 2.0445688466231027
}