{
    "accuracy": 0.8854166666666666,
    "loss": 7.773382902145386,
    "epoch": 95.0
}