{
    "accuracy": 0.8928571428571429,
    "loss": 2.6854302088419595,
    "epoch": 32.0
}