{
    "accuracy": 0.9270833333333334,
    "loss": 0.6800516794125239,
    "epoch": 10.0
}