{
    "accuracy": 0.8736111111111112,
    "loss": 0.32255131006240845
}