{
    "accuracy": 0.9074754901960785,
    "loss": 1.2040198408067226
}