{
    "accuracy": 0.9270833333333334,
    "loss": 2.2576575698331
}