{
    "accuracy": 0.9270833333333334,
    "loss": 0.9256050984064738,
    "epoch": 2.0
}