{
    "accuracy": 0.9241071428571429,
    "loss": 0.8688913534084955,
    "epoch": 14.0
}