{
    "accuracy": 0.90625,
    "loss": 0.8347498526175817,
    "epoch": 6.0
}