{
    "accuracy": 0.8631944444444445,
    "loss": 6.1922353108723955
}