{
    "accuracy": 0.8944444444444445,
    "loss": 1.156360427538554,
    "epoch": 2.0
}