{
    "accuracy": 0.8452380952380952,
    "loss": 7.09504508972168
}