{
    "accuracy": 0.8333333333333334,
    "loss": 2.958473523457845
}