{
    "accuracy": 0.8840277777777779,
    "loss": 3.6223653753598533
}