{
    "accuracy": 0.9345238095238096,
    "loss": 1.029001846909523,
    "epoch": 14.0
}