{
    "accuracy": 0.9296875,
    "loss": 1.1677722111344337,
    "epoch": 12.0
}