{
    "accuracy": 0.9583333333333334,
    "loss": 0.5120451947053274,
    "epoch": 6.0
}