{
    "accuracy": 0.90625,
    "loss": 1.520532528559367,
    "epoch": 10.0
}