{
    "accuracy": 0.9270833333333334,
    "loss": 3.0515307337627746
}