{
    "accuracy": 0.8265931372549019,
    "loss": 6.135884126027425
}