{
    "accuracy": 0.9252232142857143,
    "loss": 1.1234217286109924,
    "epoch": 8.0
}