{
    "accuracy": 0.9032738095238096,
    "loss": 2.9280768632888794
}