{
    "accuracy": 0.8898809523809524,
    "loss": 2.2252376874287925
}