{
    "accuracy": 0.8616935483870968,
    "loss": 3.3503342390060427
}