{
    "accuracy": 0.8166666666666667,
    "loss": 6.920368289947509
}