{
    "accuracy": 0.9022435897435898,
    "loss": 1.807340959707896,
    "epoch": 15.0
}