{
    "accuracy": 0.84375,
    "loss": 7.173985744768288
}