{
    "accuracy": 0.8149509803921569,
    "loss": 8.860192855199179
}