{
    "accuracy": 0.9107142857142857,
    "loss": 1.8762236038843791
}