{
    "accuracy": 0.8357843137254902,
    "loss": 3.987320606907209
}