{
    "accuracy": 0.8973214285714286,
    "loss": 1.1306573748588562,
    "epoch": 11.0
}