{
    "accuracy": 0.8928571428571429,
    "loss": 0.4866008559862773,
    "epoch": 3.0
}