{
    "accuracy": 0.9252232142857143,
    "loss": 1.0882540047168732,
    "epoch": 6.0
}