{
    "accuracy": 0.8840277777777779,
    "loss": 2.7287559310595193
}