{
    "accuracy": 0.8526785714285715,
    "loss": 3.849201798439026
}