{
    "accuracy": 0.8944444444444445,
    "loss": 1.9622523784637451,
    "epoch": 102.0
}