{
    "accuracy": 0.7901785714285715,
    "loss": 11.12054189046224
}