{
    "accuracy": 0.8658088235294118,
    "loss": 2.7374453842639923
}