{
    "accuracy": 0.90625,
    "loss": 1.578157897417744,
    "epoch": 42.0
}