{
    "accuracy": 0.8898809523809524,
    "loss": 0.782664438088735,
    "epoch": 16.0
}