{
    "accuracy": 0.96875,
    "loss": 1.5892227655276656
}