{
    "accuracy": 0.8597756410256411,
    "loss": 3.976671735445658
}