{
    "accuracy": 0.860576923076923,
    "loss": 1.147759089867274
}