{
    "accuracy": 0.8645833333333334,
    "loss": 2.560492922862371,
    "epoch": 18.0
}