{
    "accuracy": 0.9241071428571429,
    "loss": 0.6856175263722738,
    "epoch": 9.0
}