{
    "accuracy": 0.96875,
    "loss": 0.2609470362464587,
    "epoch": 46.0
}