{
    "accuracy": 0.8854166666666666,
    "loss": 1.533463140328725,
    "epoch": 21.0
}