{
    "accuracy": 0.9429166666666667,
    "loss": 0.9294181704521179,
    "epoch": 13.0
}