{
    "accuracy": 0.9270833333333334,
    "loss": 0.838357667128245,
    "epoch": 2.0
}