{
    "accuracy": 0.8861607142857143,
    "loss": 7.114956825971603
}