{
    "accuracy": 0.8670343137254902,
    "loss": 5.750554800033569
}