{
    "accuracy": 0.96875,
    "loss": 1.863837738831838,
    "epoch": 48.0
}