{
    "accuracy": 0.8527777777777779,
    "loss": 6.174615323543549
}