{
    "accuracy": 0.9166666666666666,
    "loss": 0.7821672956148783,
    "epoch": 1.0
}