{
    "accuracy": 0.90625,
    "loss": 4.340444271724361
}