{
    "accuracy": 0.860576923076923,
    "loss": 5.08848296602567
}