{
    "accuracy": 0.9270833333333334,
    "loss": 0.24886657297611237,
    "epoch": 6.0
}