{
    "accuracy": 0.8762254901960785,
    "loss": 3.88832359512647
}