{
    "accuracy": 0.8645833333333334,
    "loss": 3.374366521835327
}