{
    "accuracy": 0.8966346153846154,
    "loss": 3.3299378156661987,
    "epoch": 22.0
}