{
    "accuracy": 0.8944444444444445,
    "loss": 1.0057957768440247,
    "epoch": 11.0
}