{
    "accuracy": 0.859375,
    "loss": 2.5705047845840454
}