{
    "accuracy": 0.9074754901960785,
    "loss": 0.659181535243988,
    "epoch": 1.0
}