{
    "accuracy": 0.8930555555555556,
    "loss": 0.9074137210845947,
    "epoch": 2.0
}