{
    "accuracy": 0.9112068965517242,
    "loss": 1.449257916212082,
    "epoch": 19.0
}