{
    "accuracy": 0.891826923076923,
    "loss": 0.35360131164391834,
    "epoch": 6.0
}