{
    "accuracy": 0.9270833333333334,
    "loss": 1.3011469443639119,
    "epoch": 40.0
}