{
    "accuracy": 0.8645833333333334,
    "loss": 4.794062862793605
}