{
    "accuracy": 0.8814102564102564,
    "loss": 0.5157673731446266
}