{
    "accuracy": 0.8449754901960785,
    "loss": 1.4309147695700328,
    "epoch": 11.0
}