{
    "accuracy": 0.8806089743589745,
    "loss": 3.263787344098091
}