{
    "accuracy": 0.9166666666666666,
    "loss": 0.9014537036418915,
    "epoch": 2.0
}