{
    "accuracy": 0.8333333333333334,
    "loss": 7.681750774383545
}