{
    "accuracy": 0.8237903225806452,
    "loss": 8.024333357810974
}