{
    "accuracy": 0.90625,
    "loss": 1.2758484929800034,
    "epoch": 19.0
}