{
    "accuracy": 0.8939732142857143,
    "loss": 3.948769934475422
}