{
    "accuracy": 0.9241071428571429,
    "loss": 3.6416357358296714
}