{
    "accuracy": 0.8736111111111112,
    "loss": 0.316656231880188
}