{
    "accuracy": 0.8557692307692308,
    "loss": 2.554388105869293
}