{
    "accuracy": 0.8814102564102564,
    "loss": 1.7447039932012558,
    "epoch": 46.0
}