{
    "accuracy": 0.9002976190476191,
    "loss": 0.8277157743771871,
    "epoch": 7.0
}