{
    "accuracy": 0.9583333333333334,
    "loss": 0.8496275224412481
}