{
    "accuracy": 0.8783482142857143,
    "loss": 10.04752105474472
}