{
    "accuracy": 0.7992788461538461,
    "loss": 5.638960599899292
}