{
    "accuracy": 0.96875,
    "loss": 0.9323780486981074,
    "epoch": 31.0
}