{
    "accuracy": 0.8658088235294118,
    "loss": 1.040854811668396
}