{
    "accuracy": 0.9237500000000001,
    "loss": 0.9791933774948121,
    "epoch": 14.0
}