{
    "accuracy": 0.8482142857142857,
    "loss": 1.4115699132283528
}