{
    "accuracy": 0.860576923076923,
    "loss": 4.170615037282308
}