{
    "accuracy": 0.8930555555555556,
    "loss": 0.7095503608385721,
    "epoch": 2.0
}