{
    "accuracy": 0.8645833333333334,
    "loss": 4.979827801386516
}