{
    "accuracy": 0.9613425925925926,
    "loss": 1.9127133414149284,
    "epoch": 100.0
}