{
    "accuracy": 0.8377976190476191,
    "loss": 7.094306627909343,
    "epoch": 27.0
}