{
    "accuracy": 0.8966346153846154,
    "loss": 5.662653783957164
}