{
    "accuracy": 0.8229166666666666,
    "loss": 5.696765740712483
}