{
    "accuracy": 0.9270833333333334,
    "loss": 0.8070833881696066,
    "epoch": 1.0
}