{
    "accuracy": 0.9556034482758621,
    "loss": 2.4396883487701415,
    "epoch": 100.0
}