{
    "accuracy": 0.9270833333333334,
    "loss": 1.1563016772270203,
    "epoch": 20.0
}