{
    "accuracy": 0.8661858974358975,
    "loss": 1.837695688009262
}