{
    "accuracy": 0.8229166666666666,
    "loss": 0.8117370307445526
}