{
    "accuracy": 0.8305555555555556,
    "loss": 3.6885919173558555
}