{
    "accuracy": 0.8736111111111112,
    "loss": 1.6825945576032002,
    "epoch": 14.0
}