{
    "accuracy": 0.8736111111111112,
    "loss": 0.3884517053763072,
    "epoch": 2.0
}