{
    "accuracy": 0.84375,
    "loss": 4.1802059809366865
}