{
    "accuracy": 0.8110119047619048,
    "loss": 4.2527778546015425
}