{
    "accuracy": 0.9002976190476191,
    "loss": 1.0448638200759888,
    "epoch": 13.0
}