{
    "accuracy": 0.6417338709677419,
    "loss": 57.81795425415039
}