{
    "accuracy": 0.9241071428571429,
    "loss": 0.7506162822246552,
    "epoch": 7.0
}