{
    "accuracy": 0.8501602564102564,
    "loss": 4.691838920116425
}