{
    "accuracy": 0.90625,
    "loss": 1.9463696479797363,
    "epoch": 33.0
}