{
    "accuracy": 0.9479166666666666,
    "loss": 0.8932269414265951,
    "epoch": 15.0
}