{
    "accuracy": 0.9345238095238096,
    "loss": 3.0273835261662803,
    "epoch": 51.0
}