{
    "accuracy": 0.8348214285714285,
    "loss": 3.372128883997599
}