{
    "accuracy": 0.90625,
    "loss": 0.2776852821310361,
    "epoch": 10.0
}