{
    "accuracy": 0.8267241379310345,
    "loss": 5.931095790863037
}