{
    "accuracy": 0.9032738095238096,
    "loss": 3.3801549250880876
}