{
    "accuracy": 0.8452380952380952,
    "loss": 0.5560731391112009
}