{
    "accuracy": 0.8958333333333334,
    "loss": 3.65213613708814
}