{
    "accuracy": 0.891826923076923,
    "loss": 1.0860368212064107,
    "epoch": 20.0
}