{
    "accuracy": 0.8169642857142857,
    "loss": 7.002730925877889
}