{
    "accuracy": 0.867741935483871,
    "loss": 1.5676260590553284,
    "epoch": 13.0
}