{
    "accuracy": 0.8288690476190476,
    "loss": 0.7773802777131399
}