{
    "accuracy": 0.829326923076923,
    "loss": 5.168232848246892
}