{
    "accuracy": 0.9270833333333334,
    "loss": 3.2878673871358237
}