{
    "accuracy": 0.9479166666666666,
    "loss": 0.16769887506961823,
    "epoch": 20.0
}