{
    "accuracy": 0.90625,
    "loss": 2.500381112098694
}