{
    "accuracy": 0.8597756410256411,
    "loss": 2.5262022018432617
}