{
    "accuracy": 0.8764880952380952,
    "loss": 1.1981161038080852
}