{
    "accuracy": 0.8409722222222222,
    "loss": 4.125945409138997
}