{
    "accuracy": 0.8824404761904763,
    "loss": 0.8373640775680542,
    "epoch": 15.0
}