{
    "accuracy": 0.9136904761904763,
    "loss": 1.19155353307724
}