{
    "accuracy": 0.8586309523809524,
    "loss": 1.004599968592326,
    "epoch": 7.0
}