{
    "accuracy": 0.8357843137254902,
    "loss": 5.3570016622543335
}