{
    "accuracy": 0.8215144230769231,
    "loss": 8.742442607879639
}