{
    "accuracy": 0.8766025641025642,
    "loss": 0.9842814008394877,
    "epoch": 19.0
}