{
    "accuracy": 0.8452380952380952,
    "loss": 3.4984198808670044
}