{
    "accuracy": 0.8285256410256411,
    "loss": 3.3836633563041687
}