{
    "accuracy": 0.9345238095238096,
    "loss": 0.8266435166200002,
    "epoch": 14.0
}