{
    "accuracy": 0.9354166666666667,
    "loss": 1.1530961394309998
}