{
    "accuracy": 0.8720238095238096,
    "loss": 5.3931247393290205
}