{
    "accuracy": 0.8736111111111112,
    "loss": 5.663372258345286
}