{
    "accuracy": 0.8175000000000001,
    "loss": 8.021181583404541
}