{
    "accuracy": 0.8814102564102564,
    "loss": 1.7787744005521138,
    "epoch": 12.0
}