{
    "accuracy": 0.9166666666666666,
    "loss": 0.3625389483834927
}