{
    "accuracy": 0.8493589743589745,
    "loss": 3.2476231455802917
}