{
    "accuracy": 0.8482142857142857,
    "loss": 6.422715663909912
}