{
    "accuracy": 0.9583333333333334,
    "loss": 1.0063477742175262,
    "epoch": 36.0
}