{
    "accuracy": 0.8333333333333334,
    "loss": 4.684152285257976
}