{
    "accuracy": 0.9166666666666666,
    "loss": 0.6663444638252258,
    "epoch": 3.0
}