{
    "accuracy": 0.8958333333333334,
    "loss": 1.2899764974912007,
    "epoch": 16.0
}