{
    "accuracy": 0.8349358974358975,
    "loss": 2.965547740459442
}