{
    "accuracy": 0.8854166666666666,
    "loss": 1.04268129914999,
    "epoch": 7.0
}