{
    "accuracy": 0.9479166666666666,
    "loss": 1.0724273494755228
}