{
    "accuracy": 0.8493589743589745,
    "loss": 3.7162198026974997
}