{
    "accuracy": 0.9296875,
    "loss": 1.1378452777862549,
    "epoch": 12.0
}