{
    "accuracy": 0.8736111111111112,
    "loss": 1.9221013983090718
}