{
    "accuracy": 0.9048611111111112,
    "loss": 1.1038271337747574,
    "epoch": 7.0
}