{
    "accuracy": 0.9270833333333334,
    "loss": 0.6250245074431101,
    "epoch": 4.0
}