{
    "accuracy": 0.9270833333333334,
    "loss": 1.686363431935509,
    "epoch": 42.0
}