{
    "accuracy": 0.8028846153846154,
    "loss": 4.083471854527791
}