{
    "accuracy": 0.9166666666666666,
    "loss": 0.8727217217286428,
    "epoch": 12.0
}