{
    "accuracy": 0.8671875,
    "loss": 7.186424732208252
}