{
    "accuracy": 0.8898809523809524,
    "loss": 0.7662320137023926,
    "epoch": 7.0
}