{
    "accuracy": 0.8869047619047619,
    "loss": 3.0323704381783805
}