{
    "accuracy": 0.9583333333333334,
    "loss": 2.998136205545355,
    "epoch": 91.0
}