{
    "accuracy": 0.9479166666666666,
    "loss": 0.20390400290489197,
    "epoch": 15.0
}