{
    "accuracy": 0.9002976190476191,
    "loss": 0.9201898376146952,
    "epoch": 2.0
}