{
    "accuracy": 0.9002976190476191,
    "loss": 0.9088231126467387,
    "epoch": 4.0
}