{
    "accuracy": 0.8556547619047619,
    "loss": 1.103287895520528,
    "epoch": 13.0
}