{
    "accuracy": 0.8511904761904763,
    "loss": 1.3179853558540344,
    "epoch": 6.0
}