{
    "accuracy": 0.9107142857142857,
    "loss": 0.8094812830289205,
    "epoch": 5.0
}