{
    "accuracy": 0.8357843137254902,
    "loss": 3.494378089904785
}