{
    "accuracy": 0.9453125,
    "loss": 1.1595101207494736,
    "epoch": 4.0
}