{
    "accuracy": 0.8389423076923078,
    "loss": 5.78242560227712
}