{
    "accuracy": 0.9765625,
    "loss": 0.8551491028629243
}