{
    "accuracy": 0.8973214285714286,
    "loss": 1.4810333847999573,
    "epoch": 37.0
}