{
    "accuracy": 0.9107142857142857,
    "loss": 1.1728073755900066,
    "epoch": 45.0
}