{
    "accuracy": 0.8658088235294118,
    "loss": 4.556056688229243
}