{
    "accuracy": 0.8348214285714285,
    "loss": 1.7872251669565837,
    "epoch": 13.0
}