{
    "accuracy": 0.860576923076923,
    "loss": 4.420505444208781
}