{
    "accuracy": 0.90625,
    "loss": 0.9711951998372873,
    "epoch": 11.0
}