{
    "accuracy": 0.7988782051282052,
    "loss": 4.809623137116432
}