{
    "accuracy": 0.8762254901960785,
    "loss": 2.9508440544207892
}