{
    "accuracy": 0.8169642857142857,
    "loss": 8.397399365901947
}