{
    "accuracy": 0.9230603448275861,
    "loss": 1.0361287236213683,
    "epoch": 6.0
}