{
    "accuracy": 0.6604838709677419,
    "loss": 55.86572494506836,
    "epoch": 1.0
}