{
    "accuracy": 0.9166666666666666,
    "loss": 2.869264086087545,
    "epoch": 65.0
}