{
    "accuracy": 0.96875,
    "loss": 0.6021974875281254,
    "epoch": 18.0
}