{
    "accuracy": 0.9479166666666666,
    "loss": 0.6275772054990133,
    "epoch": 85.0
}