{
    "accuracy": 0.8557692307692308,
    "loss": 5.14020299911499
}