{
    "accuracy": 0.873991935483871,
    "loss": 1.6297524452209473,
    "epoch": 13.0
}