{
    "accuracy": 0.8556547619047619,
    "loss": 1.1599415043989818
}