{
    "accuracy": 0.9583333333333334,
    "loss": 0.15995489805936813,
    "epoch": 7.0
}