{
    "accuracy": 0.8258272058823529,
    "loss": 9.877667665481567
}