{
    "accuracy": 0.8348214285714285,
    "loss": 1.2043520013491313,
    "epoch": 6.0
}