{
    "accuracy": 0.9453125,
    "loss": 1.054129995405674,
    "epoch": 43.0
}