{
    "accuracy": 0.8618055555555556,
    "loss": 3.0490976572036743
}