{
    "accuracy": 0.8840277777777779,
    "loss": 3.6977216800053916
}