{
    "accuracy": 0.8786637931034482,
    "loss": 1.5236837148666382,
    "epoch": 13.0
}