{
    "accuracy": 0.84375,
    "loss": 2.0092448592185974
}