{
    "accuracy": 0.96875,
    "loss": 0.9339859473208586,
    "epoch": 25.0
}