{
    "accuracy": 0.8556547619047619,
    "loss": 4.505166331926982
}