{
    "accuracy": 0.9166666666666666,
    "loss": 0.7283375263214111,
    "epoch": 6.0
}