{
    "accuracy": 0.8764880952380952,
    "loss": 3.687575856844584
}