{
    "accuracy": 0.8616071428571429,
    "loss": 4.264376084009807
}