{
    "accuracy": 0.8541666666666666,
    "loss": 2.447592337926229
}