{
    "accuracy": 0.8974137931034483,
    "loss": 1.9729609429836272
}