{
    "accuracy": 0.8285256410256411,
    "loss": 9.586962848901749
}