{
    "accuracy": 0.8541666666666666,
    "loss": 8.19013054172198
}