{
    "accuracy": 0.8318452380952381,
    "loss": 3.5114400386810303
}