{
    "accuracy": 0.8482142857142857,
    "loss": 1.604636311531067
}