{
    "accuracy": 0.8762254901960785,
    "loss": 2.734492818514506
}