{
    "accuracy": 0.96875,
    "loss": 0.613811545073986,
    "epoch": 12.0
}