{
    "accuracy": 0.8717672413793103,
    "loss": 3.182439947128296
}