{
    "accuracy": 0.9479166666666666,
    "loss": 0.6784734527269999,
    "epoch": 20.0
}