{
    "accuracy": 0.9479166666666666,
    "loss": 0.8503594100475311,
    "epoch": 1.0
}