{
    "accuracy": 0.8970588235294118,
    "loss": 2.715766270955404
}