{
    "accuracy": 0.9270833333333334,
    "loss": 1.9025042752424877,
    "epoch": 41.0
}