{
    "accuracy": 0.8930555555555556,
    "loss": 0.7400320569674174,
    "epoch": 6.0
}