{
    "accuracy": 0.9152777777777779,
    "loss": 1.7164413928985596,
    "epoch": 74.0
}