{
    "accuracy": 0.9241071428571429,
    "loss": 0.8015032162268957,
    "epoch": 6.0
}