{
    "accuracy": 0.9270833333333334,
    "loss": 0.6689397891362509,
    "epoch": 4.0
}