{
    "accuracy": 0.9558333333333333,
    "loss": 1.084546560049057,
    "epoch": 37.0
}