{
    "accuracy": 0.7764423076923077,
    "loss": 3.0586445331573486
}