{
    "accuracy": 0.8452380952380952,
    "loss": 4.6745796998341875
}