{
    "accuracy": 0.9270833333333334,
    "loss": 0.6926530847946802,
    "epoch": 15.0
}