{
    "accuracy": 0.8786637931034482,
    "loss": 1.1638010263442993
}