{
    "accuracy": 0.7266203703703704,
    "loss": 8.764524900913239,
    "epoch": 31.0
}