{
    "accuracy": 0.9270833333333334,
    "loss": 0.7420751949151357,
    "epoch": 3.0
}