{
    "accuracy": 0.8586309523809524,
    "loss": 6.025574843088786
}