{
    "accuracy": 0.9675925925925926,
    "loss": 1.8618366986513137,
    "epoch": 100.0
}