{
    "accuracy": 0.9241071428571429,
    "loss": 0.7758146524429321,
    "epoch": 11.0
}