{
    "accuracy": 0.9166666666666666,
    "loss": 0.4771207372347514,
    "epoch": 2.0
}