{
    "accuracy": 0.9453125,
    "loss": 1.076465055346489,
    "epoch": 6.0
}