{
    "accuracy": 0.8944444444444445,
    "loss": 1.748858133951823,
    "epoch": 59.0
}