{
    "accuracy": 0.9166666666666666,
    "loss": 0.8619705885648727,
    "epoch": 10.0
}