{
    "accuracy": 0.8944444444444445,
    "loss": 1.1506934364636738,
    "epoch": 2.0
}