{
    "accuracy": 0.8660714285714285,
    "loss": 3.1347363392512
}