{
    "accuracy": 0.7807904411764706,
    "loss": 12.343609094619751
}