{
    "accuracy": 0.9241071428571429,
    "loss": 0.8554939031600952,
    "epoch": 11.0
}