{
    "accuracy": 0.810483870967742,
    "loss": 2.5129711866378783
}