{
    "accuracy": 0.8110119047619048,
    "loss": 9.806336085001627
}