{
    "accuracy": 0.8423611111111112,
    "loss": 0.5781167646249136
}