{
    "accuracy": 0.8244047619047619,
    "loss": 1.7901729544003804
}