{
    "accuracy": 0.90625,
    "loss": 2.178561826546987
}