{
    "accuracy": 0.8527777777777779,
    "loss": 4.760634263356526
}