{
    "accuracy": 0.8928571428571429,
    "loss": 3.613699277242025
}