{
    "accuracy": 0.8736111111111112,
    "loss": 4.918312090138595,
    "epoch": 43.0
}