{
    "accuracy": 0.8840277777777779,
    "loss": 1.9615771075089772,
    "epoch": 14.0
}