{
    "accuracy": 0.9479166666666666,
    "loss": 0.5294382174809774,
    "epoch": 8.0
}