{
    "accuracy": 0.9174679487179488,
    "loss": 1.7270153723657131,
    "epoch": 83.0
}