{
    "accuracy": 0.8958333333333334,
    "loss": 0.27086973190307617
}