{
    "accuracy": 0.8631944444444445,
    "loss": 5.726961135864258
}