{
    "accuracy": 0.9270833333333334,
    "loss": 0.508374442656835
}