{
    "accuracy": 0.7961309523809524,
    "loss": 1.6242831150690715
}