{
    "accuracy": 0.9277777777777778,
    "loss": 5.744564771652222,
    "epoch": 100.0
}