{
    "accuracy": 0.9168103448275862,
    "loss": 1.7418600767850876,
    "epoch": 77.0
}