{
    "accuracy": 0.8814102564102564,
    "loss": 2.4378604888916016
}