{
    "accuracy": 0.8556547619047619,
    "loss": 4.408682584762573
}