{
    "accuracy": 0.9166666666666666,
    "loss": 1.0351656476656597,
    "epoch": 2.0
}