{
    "accuracy": 0.84375,
    "loss": 9.051459312438965
}