{
    "accuracy": 0.9032738095238096,
    "loss": 1.0067636768023174,
    "epoch": 10.0
}