{
    "accuracy": 0.8229166666666666,
    "loss": 0.706520289182663
}