{
    "accuracy": 0.9166666666666666,
    "loss": 4.193255162487428
}