{
    "accuracy": 0.9166666666666666,
    "loss": 1.2330319186051686
}