{
    "accuracy": 0.9048611111111112,
    "loss": 0.9717427293459574,
    "epoch": 51.0
}