{
    "accuracy": 0.8658088235294118,
    "loss": 1.1037411093711853,
    "epoch": 20.0
}