{
    "accuracy": 0.9041666666666667,
    "loss": 1.5539106354117393,
    "epoch": 42.0
}