{
    "accuracy": 0.8862500000000001,
    "loss": 3.9065030574798585
}