{
    "accuracy": 0.8149509803921569,
    "loss": 7.766791840394338
}