{
    "accuracy": 0.9166666666666666,
    "loss": 0.2382532556851705
}