{
    "accuracy": 0.96875,
    "loss": 0.9407523460686207,
    "epoch": 70.0
}