{
    "accuracy": 0.9166666666666666,
    "loss": 5.044277186815937
}