{
    "accuracy": 0.8973214285714286,
    "loss": 1.0745177567005157,
    "epoch": 18.0
}