{
    "accuracy": 0.8139880952380952,
    "loss": 8.87374758720398
}