{
    "accuracy": 0.90625,
    "loss": 0.7890204191207886,
    "epoch": 12.0
}