{
    "accuracy": 0.7693452380952381,
    "loss": 8.650672435760498
}