{
    "accuracy": 0.91875,
    "loss": 0.9525253772735596,
    "epoch": 12.0
}