{
    "accuracy": 0.7351190476190476,
    "loss": 10.280266682306925
}