{
    "accuracy": 0.8592672413793103,
    "loss": 1.960176944732666
}