{
    "accuracy": 0.9270833333333334,
    "loss": 0.7998534440994263,
    "epoch": 3.0
}