{
    "accuracy": 0.9136904761904763,
    "loss": 1.7100443641344707
}