{
    "accuracy": 0.8360887096774194,
    "loss": 2.1689433813095094,
    "epoch": 28.0
}