{
    "accuracy": 0.8814102564102564,
    "loss": 1.832198570171992,
    "epoch": 32.0
}