{
    "accuracy": 0.9465277777777779,
    "loss": 2.2593405147393546
}