{
    "accuracy": 0.9032738095238096,
    "loss": 1.0843533674875896,
    "epoch": 4.0
}