{
    "accuracy": 0.9112500000000001,
    "loss": 1.1295983076095581,
    "epoch": 8.0
}