{
    "accuracy": 0.96875,
    "loss": 0.7501228793213764,
    "epoch": 51.0
}