{
    "accuracy": 0.8854166666666666,
    "loss": 2.9791360398133597
}