{
    "accuracy": 0.9296875,
    "loss": 1.4707196205854416,
    "epoch": 5.0
}