{
    "accuracy": 0.8521634615384616,
    "loss": 4.530373141169548
}