{
    "accuracy": 0.8357843137254902,
    "loss": 4.140485187371572
}