{
    "accuracy": 0.9002976190476191,
    "loss": 0.9986669222513834,
    "epoch": 7.0
}