{
    "accuracy": 0.84375,
    "loss": 3.2924136767784753
}