{
    "accuracy": 0.8452380952380952,
    "loss": 6.407939751942952
}