{
    "accuracy": 0.9270833333333334,
    "loss": 0.7868238389492035,
    "epoch": 7.0
}