{
    "accuracy": 0.8898809523809524,
    "loss": 1.588805337746938
}