{
    "accuracy": 0.7053571428571429,
    "loss": 0.6746699489653111,
    "epoch": 2.0
}